,0,1,2,3,4,5
r402134,2.7349048,1.6842391,3.2756343,1.4152547,-3.6149917,-4.795694
r402354,2.5873327,1.5098302,3.7678127,0.91118103,-3.618938,-4.079299
r402124,2.6726646,1.5238903,4.4455743,0.69991094,-3.7779064,-4.0225577
r402214,2.568516,1.3194034,4.9082108,0.84845513,-3.6534178,-4.1655974
r402344,2.6530545,1.4757609,4.8493214,0.6691731,-3.8041108,-4.0729213
r402314,2.5934668,1.2602173,5.431699,0.8727118,-3.7513118,-4.3683763
r402114,2.5831082,1.2630608,5.401009,0.906246,-3.7236812,-4.374598
t380x5a,-7.1891627,-2.735381,2.365214,-8.0408325,-4.9917893,-5.6917734
r739,-7.1654305,-2.7042055,2.3811932,-8.019629,-4.979739,-5.7177114
m238x1,-6.2630234,0.62242496,2.4411263,-7.5663214,-7.6509566,-4.197926
m238x2,-6.2931566,0.6195926,2.4504411,-7.5977755,-7.6890354,-4.217052
s81802d,-2.1484427,-1.7344697,6.619256,3.622107,0.7494452,-10.293951
s81801d,-2.1522586,-1.7544214,6.644865,3.6920328,0.7836133,-10.335152
l03114,3.4574862,-1.7735171,1.9963993,-6.4832325,4.4551864,-10.106687
l02414,3.4589462,-1.7781847,2.0002701,-6.5125165,4.4772363,-10.11846
p285,1.7201426,1.5444808,2.6241581,-1.1986455,3.081506,-4.467893
p84,1.8107884,1.496342,2.6884847,-1.3092928,3.0568175,-4.4521403
p284,1.8129474,1.4445755,2.5285366,-1.6217936,2.650165,-3.76541
p612,1.9115803,1.2256367,2.8398125,-1.3897746,2.5271363,-3.7939458
p590,2.2832747,1.5412492,2.3744605,-2.1796722,2.4524434,-3.7594936
p0739,2.372859,1.6307813,2.3502321,-2.4189997,2.5217586,-3.8254108
p0737,2.8321726,1.668741,2.4287388,-2.8377795,2.480287,-4.170147
p0718,2.9321673,1.6892579,2.4273279,-2.939459,2.468461,-4.238099
p0738,2.8186517,1.6465328,2.407032,-2.8544068,2.4478018,-4.1284776
p2912,1.90746,1.4976119,2.5522788,-1.6283082,2.6245923,-3.7918384
p220,1.7640023,1.4050485,2.5854034,-1.5944356,2.678184,-3.7315679
p7422,2.7787888,0.88754934,3.9887404,-1.3057745,2.550268,-4.802014
p271,2.8774116,0.8583764,4.0683265,-1.2415732,2.4911377,-4.9235835
q250,1.5164698,1.1696978,3.5386086,-2.1566901,3.1269798,-3.9139419
q211,1.3948165,1.1905295,3.7312343,-2.2432582,3.276042,-3.9849365
r402340,1.9673799,-0.08295857,6.2482233,2.045388,1.3394353,-7.848631
r402120,1.9198889,-0.07510651,6.0946593,2.0063686,1.319357,-7.6343126
r402210,2.0145605,-0.07671544,6.429175,2.0925097,1.3652744,-8.086094
r402110,1.9102496,-0.07787372,6.063155,1.9884368,1.3050388,-7.6145816
i680,-6.8527513,4.522958,0.73743016,-3.330732,3.778501,-7.2597413
e854,-7.4086347,4.8779197,0.79400843,-3.619638,4.0981364,-7.8431387
i43,-6.340893,4.1926556,0.6732043,-3.0710814,3.509757,-6.6977634
t381x5a,0.10079333,0.93452984,0.7314823,-1.07054,-0.61654484,-2.3081162
e0580,0.019700928,0.89742595,0.7468197,-1.1079406,-0.76415795,-2.3240008
t2122xa,-2.350963,2.7583857,-0.9212877,-3.7796862,-0.0963943,-2.5239735
t24212a,-2.7597146,2.9184043,-0.73246557,-3.848231,-0.3578906,-2.4783986
t24232a,-2.0641375,2.7194433,-0.46703717,-3.7027586,0.1301078,-2.1596565
t22212a,-1.2323266,2.6843047,-0.5990298,-3.048691,0.22533026,-1.9812406
t22211a,-1.4305339,2.7542443,-0.6088819,-3.6399906,0.35324425,-2.2966764
t23202a,-2.3900642,3.8627264,-1.1229286,-3.3675568,-0.9557426,-2.784057
t23201a,-2.6475995,4.6680646,-1.426508,-3.7093658,-1.2702879,-3.4150836
t23262a,-0.9375264,2.9353309,-0.015805887,-3.3587775,0.44873014,-1.7940825
t23252a,-0.72914916,3.258496,-0.06918487,-3.4824743,0.24753134,-1.9032763
t23261a,-0.89286786,3.0226104,-0.027918603,-3.3209748,0.4608125,-1.8503374
t2023xa,-1.505986,3.4570498,0.2777782,-3.346456,0.77283317,-2.0316992
t2027xa,-1.4449389,3.1914423,0.033649556,-3.2985208,0.90930206,-2.1319835
t2026xa,-1.491737,2.8888142,0.43597943,-3.2318168,0.609411,-1.6018665
t2024xa,-1.4624803,3.429589,0.32924464,-3.203576,0.6561734,-1.8668457
d0511,3.2527654,8.272599,-1.3255261,-4.551401,0.5169358,-8.096121
d0512,3.2167687,8.198413,-1.3041786,-4.524973,0.4926688,-8.050148
t2131xa,-2.2571733,1.2436439,2.1047208,-3.4515028,0.7253962,-1.2302792
t23352a,-2.2225118,1.2414294,2.1170614,-3.4676006,0.83123285,-1.2873808
t23341a,-2.2075565,1.2117474,2.1685083,-3.4848685,0.88396275,-1.305965
t23362a,-2.2523825,1.242789,2.197558,-3.5342085,0.7648553,-1.2599224
t24312a,-2.3435328,1.4163997,2.1201928,-3.0888999,1.0809411,-1.3752937
t2133xa,-2.4718468,1.493154,2.1602585,-3.0349948,1.2329516,-1.5046207
t22312a,-2.2562528,1.3115537,2.114409,-3.151329,1.0373452,-1.3626509
t22332a,-2.3129325,1.2929183,2.140503,-3.2019506,0.9627864,-1.3197552
t22311a,-2.1634827,1.7436234,1.6550548,-3.2440784,0.7723064,-1.2042419
t23342a,-2.2246926,1.2152071,2.143483,-3.476195,0.8075364,-1.2558916
t22331a,-2.3526142,1.4188209,2.1194186,-3.2397788,0.8137484,-1.2674096
t2134xa,-2.2673645,1.1970603,2.23607,-3.407193,0.9170247,-1.336985
t2135xa,-2.5370731,1.6413718,2.36946,-3.0159566,1.8386123,-1.9028656
t23351a,-2.2326663,1.2377607,2.1189396,-3.3115754,0.91109025,-1.2928612
t24322a,-2.282648,1.1875407,2.3102794,-3.184084,1.1710228,-1.4306965
t24332a,-2.5692232,1.6583935,2.3289077,-2.9903002,1.8241314,-1.90955
t24331a,-2.670153,1.9414464,2.1258008,-3.0739634,1.3018796,-1.6297821
z653,4.6030617,-1.542197,6.249686,1.9533156,-2.6667683,-9.9252205
z111,4.639373,-1.5700263,6.2798767,1.9670374,-2.6822226,-9.953767
g061,-4.597875,-0.07520423,4.320012,1.4995328,-6.566332,-5.816513
m4626,-5.385186,-0.049836386,5.0399256,1.6840366,-7.604513,-6.8185754
m4646,-4.967001,-0.05766298,4.6661067,1.5791093,-7.0411043,-6.301626
s82441a,-6.3935285,7.8957334,2.3848207,1.0953368,-1.2273536,-6.7149343
s82241a,-6.41249,7.924197,2.390207,1.1010506,-1.230848,-6.729145
z62811,0.22838232,2.1952825,7.138212,-3.3546205,0.3944211,-2.2089725
z62810,-0.012830886,2.128458,6.537434,-3.0267873,-0.07061519,-1.8277878
z62812,0.30614284,1.9972281,7.163056,-3.3329527,0.4645644,-2.2560403
r45851,-0.33518642,2.423484,6.246223,-2.8400285,-0.52641076,-1.5794003
z915,-0.35639563,2.4398158,6.16949,-2.7944808,-0.5350512,-1.5358602
f332,-0.16843525,2.0397882,6.576151,-3.076579,-0.77765733,-1.6363592
z590,-0.606801,3.1445272,6.329949,-2.882124,-0.63255477,-1.5269738
s52201a,3.7505672,2.4640186,8.960073,-4.7469206,-6.168688,-3.9133756
s52301a,3.727366,2.4578938,8.931654,-4.743032,-6.1417217,-3.9115148
e139,-0.99635816,-1.2685329,7.0567384,-5.662571,-0.1567517,-2.9641364
e891,-1.0682701,-1.2994821,7.4203467,-5.987417,-0.17823243,-3.082524
z90410,-1.0213181,-1.2595837,7.1355853,-5.7367268,-0.15961803,-2.9690073
e1365,-0.79360956,-1.9476577,7.2127905,-5.662532,0.21576238,-3.528725
e13649,-0.7933661,-1.7944275,6.886158,-5.394965,0.17043644,-3.304319
e1342,-0.80913335,-1.7400732,6.834778,-5.369543,0.13039471,-3.2332594
s6412xa,-2.3607886,2.796592,-1.6856488,-0.50058657,4.268677,-11.547276
s66822a,-2.3550675,2.7841623,-1.6718432,-0.5079965,4.2336345,-11.491983
s92312a,-1.4402907,3.230491,-0.10493212,-2.8369007,4.0023355,-5.9398417
s92332a,-1.5801593,3.4738176,-0.033841643,-3.0742009,4.3968897,-6.493202
s92212a,-1.3988689,3.6778238,-0.23296972,-3.4145036,4.4282107,-6.654526
s92342a,-1.6556342,3.4638343,0.0021888206,-3.0462284,4.4099035,-6.520091
s92352a,-1.5586295,3.3683727,-0.05551076,-2.9803073,4.2496524,-6.283657
s92322a,-1.6257259,3.476292,-0.02732326,-3.1007755,4.434264,-6.5074744
s92252a,-1.3497853,3.5356104,-0.24378705,-3.2376382,4.2492685,-6.3665085
c6922,-0.94388604,0.29585373,-0.028963607,-2.7606723,-10.182262,-7.0600324
c6921,-0.9521927,0.28391036,-0.03411447,-2.7511082,-10.201177,-7.045167
a419,-0.16286188,-2.5407343,0.8136947,-2.8266225,-3.2208884,-3.3918004
r6521,-0.37179175,-2.8943238,0.5774774,-3.2053716,-3.584838,-4.088451
n170,-0.44657376,-3.1403756,0.46400243,-3.4540646,-3.8523555,-4.5570054
e872,0.16875528,-2.108447,1.1352518,-2.5806484,-3.0346475,-2.707439
e871,0.002512417,-2.2347035,1.4070492,-2.4351268,-3.2209277,-2.8623254
n179,-0.13005583,-1.9182818,1.7721968,-1.870014,-2.790469,-2.2236612
z87891,-0.7457836,-1.5177836,2.4152043,-1.9759396,-2.7597842,-1.7281351
e039,-0.9681145,-1.6100367,2.579433,-1.9368887,-2.6844997,-1.797084
i10,-0.96229285,-1.6493137,2.539517,-1.7036229,-2.728597,-1.83146
e785,-0.6015172,-1.611876,2.4155836,-1.7947243,-2.6244245,-1.7655683
k219,-1.027356,-1.5395124,2.4464462,-1.654794,-2.610674,-1.6801142
f329,-1.8161887,-1.6953713,3.2819297,-1.5292609,-2.7166626,-2.0355747
z7982,-0.6786511,-1.6243186,2.354262,-1.5453275,-2.734048,-1.8896761
i2510,-0.54916537,-1.2970585,2.365426,-1.5562251,-3.066394,-1.7453315
z955,-0.8615375,-1.3248292,2.6488004,-1.6225705,-3.6519897,-2.0409417
i129,0.48348594,-1.9900953,2.17576,-1.411424,-3.3145769,-2.8585804
s3282xd,1.1478862,8.692966,7.133482,-2.881778,-3.326602,-3.4727304
s3219xd,1.1472338,8.688215,7.1289277,-2.8801818,-3.3334963,-3.491097
j189,1.0490594,-1.8403395,1.2421743,-4.081292,-2.8820987,-2.9401245
j440,1.1881433,-1.940415,1.2683396,-4.771867,-2.4461708,-3.2355094
j9621,1.1068039,-1.7289164,1.0847301,-5.4710617,-2.2037716,-3.3210611
j9622,0.8253891,-1.5363336,0.92576057,-6.180511,-2.2623167,-3.4188883
j441,1.3241094,-1.879203,1.2659353,-5.1696386,-2.2852607,-3.413067
z9981,1.463977,-1.837596,1.2536544,-5.448752,-1.90922,-3.5649364
n805,-7.4913516,3.0830765,2.8800654,0.6921597,2.0751703,-7.5493817
n803,-7.5969996,3.1228313,2.9372,0.69548875,2.1101172,-7.6523085
n801,-7.084338,2.9086723,2.7154126,0.66278684,1.9730542,-7.118158
n808,-6.8690815,2.816148,2.631878,0.6638051,1.919565,-6.9188004
m4624,6.7554884,4.5467706,7.169865,-6.21709,-4.794608,-5.284032
m4644,6.7765102,4.55429,7.195125,-6.2374315,-4.818737,-5.282423
a0839,-4.169506,3.571925,-0.19411558,-8.563573,-6.278085,-4.047104
b258,-4.152941,3.578579,-0.16686456,-8.546557,-6.2511992,-4.0651493
l02512,-2.2964785,1.6070378,7.5001903,-9.497458,-3.8783383,-2.2776244
l03012,-2.292569,1.6027005,7.476497,-9.445806,-3.8655345,-2.2971218
s60222a,4.792386,-2.5533354,-0.43782339,-5.143487,-5.3936887,-9.496086
s60221a,4.7531395,-2.523557,-0.41387078,-5.122465,-5.368925,-9.455417
i83018,-3.2310565,3.67866,-0.7405168,-0.7897886,-7.9480543,-6.1370845
l97819,-3.2324774,3.6782975,-0.7334413,-0.78886586,-7.9284434,-6.129571
l97829,-3.1727273,3.614462,-0.71427464,-0.7808966,-7.7872286,-6.0466948
i83028,-3.232505,3.6687696,-0.72374445,-0.7907341,-7.9382544,-6.1443253
s92325a,-8.5177355,-0.85210747,0.6652442,-1.8441454,-3.645459,-7.174058
s92345a,-8.790528,-0.88313955,0.671435,-1.904005,-3.7550328,-7.4112124
s92335a,-9.068698,-0.9134402,0.7113163,-1.9770924,-3.8828938,-7.6828065
d123,0.15488042,1.1151625,2.4065943,1.6770016,-7.8199787,-6.7806764
d125,0.16307323,1.0837822,2.3502321,1.6637672,-7.68066,-6.620192
d124,0.15742716,1.0840443,2.351944,1.6624784,-7.6781597,-6.6148224
d122,0.15949109,1.1143869,2.417725,1.7073765,-7.876215,-6.8027782
s76112a,-3.346949,3.2658849,4.0676537,0.25306803,-9.832511,-5.6165423
s76111a,-3.343873,3.2621171,4.067001,0.26195472,-9.824836,-5.608167
s0182xa,-0.19144955,1.0818828,1.3114281,-0.932056,-0.25252187,-2.2959104
s0102xa,-0.1620738,1.1134458,1.3641484,-0.83377504,-0.25255296,-2.3018382
h6092,-3.3908622,-0.67661977,-0.4138621,-6.9157953,-8.906972,-6.1147776
h70002,-3.3774133,-0.6806243,-0.42000374,-6.9021015,-8.907289,-6.0995307
j321,1.21094,1.7044883,3.9551442,-9.092215,-4.842127,-2.9189587
j322,1.3792652,1.9334117,4.449859,-10.231387,-5.449382,-3.2510831
j323,1.2102962,1.6980485,3.9293685,-9.045666,-4.811011,-2.8767781
i69193,2.8631334,-3.0305393,1.7442716,-3.400792,-0.2609795,-6.0294185
i69111,2.8867607,-2.8355553,1.690306,-3.1121624,-0.16442806,-5.849081
i69118,2.828207,-2.2256167,1.7655889,-2.1047359,0.18495144,-5.334335
i69192,2.9882617,-1.8349409,2.0679872,-1.3586099,0.4074925,-5.4830756
i69191,3.1521404,-1.7819078,2.2467742,-1.1764548,0.48866332,-5.7948723
i69198,3.1447995,-1.7732487,2.2419548,-1.1537536,0.5081201,-5.7422485
i69151,3.0278742,-1.8748915,2.0951328,-1.3967067,0.42385674,-5.612183
i69120,3.014914,-1.8534443,2.0875535,-1.3798207,0.4268746,-5.559777
i69122,3.134262,-1.8002079,2.2266018,-1.2195363,0.47448015,-5.7708797
i69154,3.1627467,-1.7488625,2.2907526,-1.1520475,0.49084178,-5.8191957
i69119,3.1620674,-1.7418327,2.2804525,-1.1324948,0.48886657,-5.814858
z3a17,0.47886005,7.960921,5.0236764,3.2896266,-3.6319945,-7.327839
o021,0.46734756,7.9390545,5.008886,3.260505,-3.6196184,-7.310871
d259,1.1233723,4.726234,0.8365444,2.4825788,-5.2625284,-7.4558177
o3413,1.2397604,5.161884,0.8948548,2.700176,-5.7263484,-8.136687
d252,1.214513,5.0686274,0.9105783,2.653312,-5.6466784,-8.03812
d251,1.1284289,4.6416583,0.8326221,2.456083,-5.1753287,-7.336618
r402223,-0.74081194,-0.17634957,2.0355806,-4.918278,4.006784,-5.070455
r402353,-0.61246705,-0.07104669,1.832811,-5.0064306,3.8471723,-4.9284735
r402123,-0.7617557,-0.32439762,2.0503552,-4.894085,3.919922,-5.0303392
r402343,-0.8534867,-0.63742864,2.1596127,-4.889367,3.8414285,-5.0479693
r402213,-0.8513862,-0.75768435,2.1349745,-4.905795,3.7297843,-5.0013614
r402313,-0.9905891,-1.0361494,2.2993221,-5.0368557,3.7203085,-5.1864266
r402113,-0.97242504,-0.95799077,2.2757156,-5.000106,3.7613084,-5.159678
r402133,-0.30655482,0.3031551,1.5040362,-5.1970263,3.608744,-4.678994
r402243,0.08761936,0.6759943,1.2647055,-5.976943,3.4013252,-4.780906
z66,1.2078413,-1.653803,1.2683321,-4.587503,-4.882662,-3.7300875
z515,1.3563154,-1.5866628,1.2873987,-4.970465,-5.4143443,-4.0190835
j9601,0.78818667,-1.8439766,1.1889198,-3.495381,-3.30821,-2.8653536
e860,-0.009953947,-2.1849952,1.36552,-2.3803258,-3.187099,-2.7904363
n189,0.6116515,-1.9114429,2.2916894,-1.1055721,-3.7334526,-3.1138844
e1122,0.3939389,-1.8530886,2.438272,-1.0148692,-2.6104908,-2.412547
z992,1.1861428,-2.1290157,3.1682749,-1.0586184,-2.6200156,-3.149735
d631,1.1560575,-2.0926538,3.0989156,-1.0232037,-2.6233625,-3.088421
i130,0.64769226,-1.5559049,2.5557225,-0.89782625,-4.0916333,-3.0256963
i509,0.44664946,-1.0270433,2.6845486,-1.0059249,-4.4401865,-2.7095156
i110,0.12781958,-0.76767945,2.635664,-1.1787993,-4.3621545,-2.2968009
z7902,-0.8907125,-1.3583003,2.5664573,-1.6186163,-3.525489,-2.018388
g8194,3.3644872,3.8301191,6.636201,-1.7232941,-1.679781,-3.504121
i639,3.344736,3.8117595,6.57303,-1.7017586,-1.6667789,-3.4498355
r29810,3.38531,3.838686,6.6685023,-1.7119571,-1.6866997,-3.5147135
r471,3.2967706,3.7599092,6.4911537,-1.6751901,-1.6487483,-3.400222
r4701,3.3815317,3.8973527,6.675005,-1.7308733,-1.7023907,-3.5047991
g8191,3.3696845,3.8776634,6.6632566,-1.7233654,-1.6979475,-3.5059032
l89620,-0.6154398,-3.4563928,2.517702,-9.959249,1.5669954,-7.102607
l89610,-0.5976108,-3.4785016,2.5047631,-9.995934,1.5698259,-7.122126
s066x9a,0.307025,-2.7017596,4.321708,-2.5319505,4.7921004,-9.199729
s0219xa,0.29852447,-2.7150512,4.322799,-2.5290246,4.814139,-9.187918
s020xxa,0.256146,-2.512979,3.9809752,-2.318682,4.43358,-8.448943
s065x9a,0.2979218,-2.5414627,4.033431,-2.35563,4.4791102,-8.571289
o6981x1,-0.75551116,0.5894984,1.0310882,-0.88444525,-0.58627754,-2.2949283
o6981x2,-0.7593172,0.6259459,1.1600261,-0.9879149,-0.5478323,-2.234093
m25542,1.5633688,-1.8069971,0.1613279,-0.56776124,-8.104873,-9.14516
m25541,1.5583328,-1.7965529,0.14746533,-0.566878,-8.087894,-9.1387005
e8342,-0.221325,-2.8351278,1.0216573,-2.5642385,-3.810038,-3.9139755
e876,-0.119332,-2.6302142,1.2381517,-2.5080035,-3.576826,-3.5091312
e875,1.0877203,-2.0603664,3.0431604,-1.068236,-2.5200293,-2.9579546
i120,1.1679157,-2.1388347,3.2237206,-1.1088151,-2.631222,-3.1561558
n186,1.166654,-2.1085422,3.2362442,-1.0468966,-2.6337068,-3.1556172
i132,1.3888739,-2.2027807,3.379699,-1.0684123,-2.688191,-3.3666975
l97822,-1.2498194,-0.6109306,6.1270127,1.1501744,4.7892346,-9.829341
l97812,-1.2595713,-0.58912224,6.119322,1.119367,4.746406,-9.8397665
m24542,-0.5884284,0.36629304,1.6642616,-1.4910866,-0.5496142,-2.0254076
m24541,-0.5202666,0.31287098,1.6023026,-1.4878006,-0.48483005,-2.0533094
s92322d,-3.909894,-0.8617213,3.6506367,-9.829409,-4.2505164,-3.5714068
s92342d,-3.9266331,-0.8443533,3.6591506,-9.862936,-4.266059,-3.6065278
s92352d,-3.6729248,-0.8079757,3.4353735,-9.271711,-3.9928455,-3.3674393
m24552,2.1154618,4.4887056,-0.11760465,-0.6945787,4.4270344,-11.068201
m24551,2.1153188,4.485239,-0.12888888,-0.6934729,4.4261904,-11.057835
p929,2.050797,1.560713,2.3976295,-1.8887987,2.5528493,-3.7455344
j449,1.4678105,-1.7766951,1.2558345,-5.727264,-1.8571852,-3.6283884
j9611,1.4548794,-1.771968,1.2567052,-5.7745776,-1.8655449,-3.655569
e662,0.9233582,-1.4062827,0.93359005,-6.5085773,-2.114366,-3.4836984
s61511a,-1.4905138,1.675249,-1.57968,-10.6713915,-4.089924,-5.6180406
s61512a,-1.5010374,1.672218,-1.5884575,-10.748526,-4.115408,-5.632362
r4781,3.2341244,3.7032242,6.3780913,-1.6492519,-1.6234161,-3.3431544
l89623,-6.7700644,1.2864791,5.970315,-7.4185596,-4.9157495,-2.8663888
l89613,-6.7779603,1.2859129,5.9821734,-7.430181,-4.9344363,-2.8781233
s0240ca,-3.377301,-0.4908233,1.5179827,-0.06615177,3.8703403,-8.43047
s0231xa,-3.241757,-0.66422796,1.4948399,-0.17191091,3.9001296,-8.520543
s0240da,-3.922304,0.54557073,1.7436782,0.55763954,3.7745614,-8.24618
s0232xa,-4.037072,0.7874433,1.8230492,0.7055625,3.7823198,-8.285309
s0240fa,-4.104057,0.79426384,1.8490558,0.7256164,3.8332646,-8.407407
s0240ea,-3.230632,-0.69498324,1.492561,-0.18612932,3.90393,-8.516846
n29,0.93471247,3.6100616,-0.9055948,-0.27828518,-9.415316,-8.557055
e8359,0.936719,3.6088722,-0.91015434,-0.28340024,-9.401628,-8.544197
p375,-0.45487934,5.991232,8.023826,-4.9021664,4.2784476,-4.859936
l22,-0.43757868,5.9793143,7.999169,-4.9081206,4.305052,-4.819461
r530,-0.63602227,0.2752451,0.79808396,-1.2169422,-0.7462415,-2.592565
k5901,-0.6918217,0.27022436,0.7782776,-1.2294927,-0.76455814,-2.6247187
t22231a,-1.3747703,2.8628447,-0.47692424,-3.4190764,0.6432212,-2.2988338
t23241a,-0.8313159,3.1381288,-0.004548427,-3.4267058,0.36644283,-1.8316326
t23251a,-0.6777224,3.401829,-0.026914608,-3.5467463,0.36919123,-1.9776372
t3110,-1.4072031,2.8746228,-0.5129966,-3.5020504,0.4397333,-2.2517567
t23272a,-0.96448535,2.9961295,0.037604555,-3.6324487,0.17533638,-1.7386695
o99834,7.484169,0.7066048,3.9671464,-0.48770237,-3.1346586,-9.770125
z224,7.5133567,0.7041942,3.9786828,-0.48764282,-3.1517246,-9.799987
o723,2.402189,9.778214,0.8239812,-0.3421691,-0.6668705,-8.233704
o751,2.4132235,9.793779,0.84202456,-0.36644962,-0.6639785,-8.25837
m48061,0.28966665,0.09882878,0.18164012,-2.4706366,4.4197907,-8.2404175
m4316,0.27294764,0.08739058,0.18848196,-2.4790514,4.4712977,-8.354578
m48062,0.278388,0.093318306,0.18987769,-2.4756198,4.427223,-8.23807
m4726,0.2695116,0.09087795,0.19118057,-2.4749506,4.432995,-8.279144
m5116,0.26888108,0.09369305,0.19792233,-2.4681385,4.4214573,-8.271086
m5416,0.2701777,0.11388358,0.1909649,-2.4570816,4.358267,-8.139056
d821,-1.2669549,3.2103372,8.268597,0.68299043,-8.246479,-4.9036756
q9381,-1.2720182,3.2059112,8.286065,0.6736974,-8.241656,-4.934448
n50811,-0.36289588,0.75523597,0.9864209,-0.9517957,-0.53443235,-2.4100513
n50812,-0.32779545,0.8279618,0.99601126,-0.95213836,-0.50084674,-2.38267
z89422,-0.49312493,0.51035607,1.3196342,-1.2651907,-0.72398704,-2.1220438
z89421,-0.41079092,0.42119658,1.3640709,-1.1405051,-0.73899335,-2.1845076
i5022,0.59941494,-0.05988934,3.1960034,-1.4568949,-5.196032,-2.5654643
i255,1.1486624,0.32657194,3.839243,-1.9762803,-6.162269,-3.0806024
z95810,1.071947,0.30240455,3.8541517,-1.9732425,-6.123952,-3.0098536
i5023,1.3029027,0.45426655,4.2028885,-2.1853166,-6.645993,-3.3351731
z7901,-0.2920854,-1.2693272,3.256241,-2.767572,-3.0562243,-1.6486797
t3111,-2.4376087,1.6639296,2.128083,-3.041297,1.2046965,-1.5015295
t2132xa,-2.200889,1.2793604,2.1080499,-3.2953525,0.8345203,-1.2513164
s32059a,-3.7659202,-2.065163,4.7468376,1.5882432,-2.2254872,-5.823417
s32049a,-4.332968,-2.3314583,5.486425,1.8226626,-2.5226758,-6.747118
s32029a,-4.2277246,-2.2685277,5.370496,1.7893113,-2.4732194,-6.60587
s32019a,-4.1029105,-2.214031,5.197244,1.7411273,-2.4071574,-6.378521
s32039a,-4.229206,-2.2829883,5.3647037,1.7891032,-2.4854589,-6.583215
e1065,4.373338,1.2544507,0.22577137,-3.1744134,-0.46770844,-5.2577553
e1022,4.1912208,1.2067455,0.11817845,-3.0589104,-0.5002383,-5.062715
e10319,4.6250505,1.3276794,0.42602473,-3.0587533,-0.4726252,-5.432906
e10649,4.3329434,1.2371012,0.22809869,-3.110492,-0.44117424,-5.183144
e1021,4.6900997,1.3522711,0.39646825,-3.1290905,-0.4991301,-5.5422463
e1042,3.6000888,1.3025007,-0.7006686,-2.6981757,-0.6287925,-5.0296063
i96,-0.6850287,0.76571476,7.228095,0.17915288,1.4157733,-4.272709
e1152,-0.7413278,0.8411941,7.101602,0.12040402,1.5156308,-4.1382747
e1169,-1.0367357,1.2349681,6.010369,-0.058446154,1.950296,-3.6965632
e11621,-1.3831403,1.7785743,6.0496874,-0.40751246,2.325307,-3.6721172
m868x7,-1.0381979,1.2285404,6.0660334,-0.08240673,1.9575378,-3.7055452
e1142,-1.433599,1.8397117,6.0321817,-0.45665553,2.3511498,-3.6869462
m869,-1.037535,1.2160139,6.1024,-0.067402445,1.965111,-3.7535655
l97519,-1.2910506,1.6403551,6.0007567,-0.3065099,2.2005286,-3.6668808
m62561,7.2079716,4.1240506,3.99972,-0.93608284,0.5161484,-9.327324
m62562,7.2715945,4.149437,4.007505,-0.91577566,0.5482127,-9.354748
s12590d,0.05128429,6.6723657,2.7665246,-0.65530634,5.658754,-9.408721
s12690d,0.04911908,6.6921186,2.7760255,-0.65448177,5.7034597,-9.438635
o99513,-5.2397804,-0.5819416,-1.7504857,-2.2207077,1.8779072,-8.987484
o99343,-5.8011656,-0.64781904,-1.9184747,-2.456451,2.0489287,-10.003396
o99353,-5.2181096,-0.591742,-1.751067,-2.2104757,1.887252,-8.933026
i69112,2.8672163,-2.7104666,1.6878662,-2.9454036,-0.10835931,-5.7316813
i69114,2.9362292,-3.0778787,1.7575144,-3.446819,-0.25619176,-6.182712
i69110,2.9641683,-3.034151,1.7401521,-3.3992918,-0.22849992,-6.1387725
e1165,-0.3225731,-2.045534,2.5411282,-0.96660715,-2.6080873,-2.4766805
m5441,1.1853753,-3.0311809,7.2007365,-5.6749687,3.5542605,-7.151532
m5442,1.1865995,-3.0288074,7.1973877,-5.671512,3.5505712,-7.1327257
s52501b,-0.09323042,1.2023818,0.9108519,-1.1339954,-0.7577728,-2.4653795
s52601b,-0.07194505,1.200354,0.8922257,-1.147583,-0.5632808,-2.4046192
s22089d,-4.70554,1.0246964,-0.8801769,-2.9034503,-4.9347825,-4.2843637
s32019d,-5.214554,1.1527911,-0.9557235,-3.2253227,-5.4788604,-4.801695
s32039d,-5.1568346,1.1449711,-0.9549183,-3.2016819,-5.4238577,-4.762276
s32029d,-5.1660576,1.1510724,-0.9411318,-3.209498,-5.441136,-4.762236
s32049d,-5.2070127,1.1541531,-0.97331053,-3.2209983,-5.4778357,-4.7846255
s32059d,-5.0537333,1.1097054,-0.93467873,-3.1150508,-5.309139,-4.632897
s82401d,-6.2914267,-4.177181,1.5095419,-1.994408,1.9219679,-10.721299
s82201d,-6.278234,-4.1742387,1.4983828,-1.9912508,1.9156301,-10.699978
s92321a,-1.974531,0.17652231,-3.0540335,-3.4390938,-6.475219,-7.3294125
s92341a,-2.0607646,0.2080865,-3.1916218,-3.59596,-6.7811184,-7.6735115
s92331a,-2.08316,0.20133801,-3.2120297,-3.6506615,-6.835322,-7.749484
s92351a,-1.8050686,0.16203661,-2.8192317,-3.1404183,-5.960734,-6.7201858
z961,5.011355,1.0243096,3.49559,-5.295109,-6.099571,-4.9518275
z9841,5.0106444,1.0471439,3.5058699,-5.277806,-6.104181,-4.9540725
z9842,5.0132236,1.0443405,3.4956048,-5.261678,-6.092992,-4.9355073
s32501a,-7.46157,-2.382951,5.7029343,-3.8036735,1.6917783,-6.3910947
s32502a,-7.493984,-2.3976822,5.718054,-3.8107593,1.7170862,-6.3994584
i69320,-4.1160345,5.534336,3.1165545,-2.3978283,-5.1720085,-2.611817
i69322,-4.138882,5.5597105,3.1341915,-2.4086146,-5.1984854,-2.6286638
i69391,-4.1584134,5.6070127,3.1501925,-2.4188197,-5.2279162,-2.6519458
i69392,-4.054958,5.447639,3.0736756,-2.3536751,-5.1098924,-2.5461483
i69319,-3.9595232,5.3158116,3.0063713,-2.31735,-4.985441,-2.494499
i69351,-4.0216503,5.3803325,3.0383873,-2.3327346,-5.0300417,-2.5231314
s80861a,0.18985581,-6.2119927,3.4650247,-2.5919878,2.0382347,-11.960904
s80862a,0.19866374,-6.239105,3.470132,-2.5869505,2.0542855,-11.993402
c7800,-4.657432,0.55822515,-1.9772788,-6.835012,-3.1554232,-5.2753406
c787,-5.391808,0.6220982,-2.2828736,-7.911869,-3.676638,-6.1642203
c7951,-5.1191573,0.6026875,-2.1735654,-7.5139055,-3.471445,-5.846006
g893,-5.104926,0.5964647,-2.1712267,-7.483526,-3.464342,-5.822517
f1123,-0.15021765,1.8816975,6.498656,-2.9820805,-0.7537297,-1.6539909
s0240cd,0.58703583,-3.7937663,4.0685167,1.2475531,-0.46572632,-8.933112
s0240ed,0.60675496,-3.8366618,4.133103,1.266026,-0.4840456,-9.012374
s0231xd,0.55538005,-3.8076138,4.0443892,1.2414858,-0.42085788,-8.960264
s0240fd,0.58130574,-3.4889855,3.728007,1.1702545,-0.43258116,-8.151008
s0232xd,0.55709,-3.6569324,3.8783424,1.2106628,-0.3937464,-8.62372
t23361a,-2.2770662,1.24787,2.0862048,-3.3928945,0.7783346,-1.2711926
z6841,0.9073031,2.1567445,6.933466,-8.798479,-0.12681638,-2.9173462
e6601,0.9905111,2.3925905,7.679334,-9.765983,-0.14364807,-3.2872798
g4733,0.87852836,2.0847306,6.7392974,-8.539308,-0.12943742,-2.816367
z6842,0.86168617,2.0296907,6.5979037,-8.356135,-0.12597275,-2.7443492
m94251,-0.3757009,0.5853077,1.2453067,-1.2211602,-0.684545,-2.9097347
m25751,-0.51005346,0.5720301,1.3609629,-1.2006065,-0.6220771,-2.8503485
o99351,-0.44937316,3.2466102,5.7331834,1.0373706,-1.8290095,-2.9224083
o99331,-0.4564974,3.3267186,5.726496,1.0895587,-1.8991803,-3.0057945
z3a01,-0.46457845,3.2060564,5.8683825,0.9938838,-1.7907588,-2.9590175
o99281,-0.47944742,3.163757,5.8911204,0.98695326,-1.7551025,-2.9206073
o99321,-0.45360664,3.2749085,5.814435,1.0435625,-1.8505787,-2.9872792
o99011,-0.46659866,3.1888163,5.9079494,0.98574775,-1.7777295,-2.9331067
o99341,-0.4595365,3.2284691,5.8140974,1.0179017,-1.8153008,-2.9639225
o321xx2,1.6217008,-4.3158646,0.73420155,-1.0422285,-3.183037,-9.276503
z372,1.6690811,-4.3822885,0.75928015,-1.05005,-3.2471044,-9.444162
o30043,1.6021785,-4.228401,0.7515737,-1.0064336,-3.1278255,-9.076055
o30033,1.3857982,-3.7230148,0.6363063,-0.83392334,-2.7311335,-7.882211
o321xx1,1.4654535,-3.9166055,0.6714907,-0.90289944,-2.8966215,-8.347535
r402144,2.878423,1.7890607,3.2915988,1.6033553,-3.7448268,-5.1889234
r402364,2.9773233,1.888866,3.2471168,1.7006291,-3.8692186,-5.4809275
r402244,2.9535208,1.8533062,3.2855847,1.687435,-3.8117132,-5.415116
r402254,2.963636,1.8705626,3.2973654,1.718206,-3.8533912,-5.512427
i69220,3.5729814,5.949375,-0.059389353,-5.917775,-2.5079489,-4.975604
i69251,3.576647,5.972813,-0.057906643,-5.960926,-2.5206177,-5.0180516
i69219,3.6138232,6.017742,-0.092797145,-6.046093,-2.5590632,-5.0883164
i69291,3.6225297,6.0034604,-0.18884502,-6.118022,-2.5618937,-5.1216784
i69218,3.4326792,5.6813745,-0.16962877,-5.7998204,-2.4052572,-4.834706
z91138,-3.3711135,0.009737524,7.880303,0.58198285,-3.3809452,-4.166959
t383x6a,-3.591824,0.042060785,8.306816,0.63882446,-3.5875678,-4.418859
z91128,-3.5162892,0.35828748,7.5358996,0.7249663,-3.7256167,-4.099608
t43596a,-3.908891,0.9347423,7.2612987,0.804687,-4.334885,-4.0520897
t43216a,-3.6607454,0.8472562,6.7486935,0.8119939,-4.036473,-3.8073971
t22321a,-2.3785522,1.3221312,2.184809,-3.4029386,0.73267287,-1.2764091
t24311a,-2.6658924,1.8830249,2.0089943,-3.0174131,1.1735023,-1.5467477
o6014x2,-4.103051,7.559193,5.587536,3.4175522,-2.982639,-6.9433146
o6014x1,-4.1009874,7.556767,5.596383,3.422886,-3.0048935,-6.950624
s22018a,-5.442685,1.2610986,3.0369122,-1.8150312,-4.9099526,-2.9587793
s22038a,-5.414255,1.287387,2.9941988,-1.8227642,-4.9278064,-2.954639
s22058a,-5.4798303,1.1377059,3.359674,-1.6602633,-4.5035567,-2.893846
s22048a,-5.420579,1.2761621,3.0205014,-1.8064561,-4.9162436,-2.9535165
s22028a,-5.456041,1.2732118,3.0422833,-1.8357893,-4.9219127,-2.9796863
z3a40,-0.3235424,-0.32517475,-0.16376618,2.1568708,-2.9006813,-7.0248294
z370,-0.47415143,-0.93382186,-0.09835594,1.9035295,-2.078621,-7.002001
z3a39,-0.4700578,-1.1470028,-0.028596586,1.918655,-1.8005505,-7.348288
z3483,-0.46587315,-1.1882303,-0.01413664,1.8938249,-1.7144654,-7.370452
o80,-0.48281524,-1.1224033,-0.045694284,1.9042628,-1.8299559,-7.227226
o480,-0.17060578,0.2499624,-0.05935361,2.6042335,-3.5219078,-7.7934604
o701,-0.40987954,-0.67794913,-0.15945537,1.9737053,-2.5454223,-6.925249
o6981x0,-0.47928187,-0.97865975,-0.08830735,1.9002082,-2.0045276,-7.020026
z3a41,-0.13067713,0.40333512,-0.008537675,2.6966667,-3.701675,-7.939729
z90411,2.5104415,8.432152,4.6730046,2.0545692,0.4275069,-8.405247
z8507,2.517497,8.439781,4.671314,2.0612113,0.4323503,-8.40618
n390,-8.901348,1.0469109,3.5117269,-3.3027618,3.3923817,-7.382971
b9620,-8.914313,1.060331,3.5317912,-3.3223689,3.40211,-7.398949
l02412,-5.3477144,6.684738,0.36650342,2.256846,-5.0297394,-8.080098
l03112,-5.365159,6.7020907,0.38197294,2.2653234,-5.0550942,-8.106941
m50123,4.866015,0.28199992,1.9419287,2.5010722,-3.3435175,-11.663337
m50023,4.8524265,0.29143518,1.9745741,2.4811478,-3.347343,-11.681811
h42,4.597758,2.7516758,-0.48067114,-7.204492,-7.031057,-6.7006717
e1139,4.564412,2.7409759,-0.4571359,-7.185509,-7.001354,-6.7108536
m65871,-1.5704324,-3.735027,-0.4269191,-1.1628269,-0.09081215,-8.868105
m24571,-1.7371162,-4.0758247,-0.47133556,-1.2919036,-0.0984508,-9.752397
m19171,-1.6979483,-4.0086393,-0.47416806,-1.2710155,-0.079772025,-9.533311
m24572,-1.6162977,-3.8501782,-0.4672491,-1.1841642,-0.08696833,-9.097649
p0726,-5.0549703,0.83544147,5.478972,-0.0014829859,0.28895304,-3.8136573
p0703,-5.097361,1.424927,5.0401864,-0.4869792,0.3628307,-3.3242676
p0724,-4.7203054,1.6432707,5.3985023,-0.7372282,-0.052896626,-2.8771415
p0702,-4.529069,1.8978245,6.079645,-1.0405515,-0.45594254,-2.6619275
p0723,-4.6740522,2.0480764,6.51281,-1.3424766,-0.7408725,-2.6531174
p0722,-4.5386415,2.1610332,6.7721896,-1.1933621,-0.6126532,-2.7491636
h35123,-4.725193,2.152063,6.7845798,-1.451446,-0.8099746,-2.6639354
t24222a,-0.77252287,2.9679296,-0.34394726,-4.303608,-0.28949162,-1.9681871
t24221a,-0.71777076,3.1309278,-0.2703771,-4.6604133,-0.44910848,-2.06755
t23271a,-0.7055012,2.954602,-0.10806726,-4.08864,0.009447973,-1.8740335
t22232a,-1.763061,2.7784698,-0.773868,-3.5653443,0.7015501,-2.636038
t2124xa,-1.7529144,3.041486,-1.3490516,-4.013122,0.7949384,-3.3807337
t2123xa,-1.692257,2.9505708,-1.2923639,-3.8754354,0.6820932,-3.1911395
s12400a,3.8300045,1.6688285,-0.339148,0.5754801,-6.1258802,-9.345575
s12500a,3.8282158,1.6689613,-0.35565752,0.57180023,-6.0944486,-9.30213
s12300a,3.4163363,1.4663476,-0.33231747,0.5467936,-5.462737,-8.301956
s12600a,3.5665903,1.5312396,-0.36318177,0.56351733,-5.66014,-8.605911
s37032a,-0.3833869,0.6118765,0.98101926,-0.9849435,-0.5903956,-2.2659564
s37031a,-0.38683772,0.7287835,0.94975555,-0.9892109,-0.572992,-2.2329118
l89320,-0.55966616,0.7168827,1.158007,-1.3275592,-0.7915034,-2.8994489
l89310,-0.5360157,0.7751242,1.2388067,-1.2889875,-0.8034746,-2.8766406
s82451b,-2.2071064,1.6016772,3.6281505,-2.2959726,6.2559285,-7.815351
s82201b,-2.6017733,1.9190981,4.247675,-2.7259552,7.30095,-9.242746
s82401b,-2.4140537,1.7585584,3.9217427,-2.490899,6.787219,-8.524145
z85528,6.57563,0.49279705,7.1804934,-3.5340497,-3.8390071,-6.2008715
z905,6.513062,0.51454574,7.1406465,-3.5163958,-3.8005989,-6.1845336
e11628,-1.439062,1.8438957,5.9431224,-0.46499574,2.368495,-3.616445
l97529,-1.296878,1.640857,5.9842362,-0.31096682,2.2235115,-3.6551445
s02652b,-0.4875791,1.7881565,10.844497,-2.1777477,-5.552598,-3.651419
s0266xb,-0.49581936,1.7860885,10.798765,-2.1711478,-5.5325837,-3.6475818
p0414,-7.43062,5.45074,2.9719079,-1.9163283,0.83062446,-4.9194975
p961,-8.488865,6.2113347,3.3879156,-2.1900568,0.90837336,-5.620881
p0449,-7.696294,5.6315436,3.0730112,-1.9788005,0.8302666,-5.11073
o99322,-7.6404505,5.559763,4.9138045,-0.18653561,-3.1800668,-4.6361003
o99332,-7.7616944,5.6556435,4.9997497,-0.1978106,-3.2341557,-4.7199893
o99342,-7.270594,5.2954407,4.663129,-0.17725152,-3.0227914,-4.3930964
s40022a,-0.2247218,0.79346293,1.1626439,-1.062289,-0.60410184,-2.30979
s40021a,-0.35141912,0.6904012,1.0366473,-1.135285,-0.52252114,-2.3934174
m25562,-0.38831657,0.7110176,1.1719337,-1.0054243,-0.781791,-2.7067187
m25561,-0.4526154,0.84023243,1.2172976,-0.9867654,-0.807396,-2.593419
l89621,-0.4319499,0.71055347,1.1509745,-0.9196101,-0.6463086,-2.3713548
l89611,-0.48943028,0.68914604,0.9807025,-0.9390777,-0.67827725,-2.3121576
m25852,-0.3998746,0.74885017,1.0178684,-1.1124793,-0.678905,-2.4302268
m25851,-0.42188302,0.7553859,1.0729159,-1.0750263,-0.5750029,-2.5370042
t410x5a,-0.37827548,0.6196126,1.1585114,-1.1118827,-0.50677377,-2.4425337
j954,-0.37883472,0.71461576,1.0374159,-1.1470556,-0.49827555,-2.3859317
l97909,-3.2828014,0.6237952,4.5698295,5.287674,-2.0103528,-10.451339
i83009,-3.290722,0.6280961,4.583736,5.3422785,-2.0252008,-10.478014
q513,-0.46959287,0.5734898,0.9017291,-0.99897134,-0.61028403,-2.4588509
o3403,-0.36489406,0.53525376,0.9500054,-1.0470048,-0.56535035,-2.4059834
l89224,-0.4941898,0.65906733,0.99637127,-0.9875681,-0.65982014,-2.420648
l89214,-0.42950752,0.51662177,1.0124006,-1.0072448,-0.6559105,-2.4276173
q676,-0.41709355,0.6721999,0.93971884,-1.1010219,-0.7572519,-2.5389001
i5189,-0.5103555,0.6725959,0.97438174,-1.1751605,-0.6809671,-2.4294522
r633,5.0675707,6.1908965,1.7007084,-2.572859,-0.87786084,-6.130569
f88,5.6777472,6.9442005,1.9202982,-2.8905153,-0.99856836,-6.8881874
g800,5.613064,6.8663754,1.8897492,-2.8522928,-0.9799445,-6.803186
m4140,5.077704,6.202286,1.6981496,-2.5663755,-0.885774,-6.1233006
r402111,3.2791455,-3.4748852,7.3961506,-6.173239,-0.4800074,-6.216778
r402211,3.2659452,-3.4559317,7.3372307,-6.149464,-0.4762776,-6.158533
r402311,3.2985895,-3.489462,7.4207025,-6.2134914,-0.484678,-6.246561
p280,-0.29477796,0.79295135,0.9646018,-0.9296055,-0.6652528,-2.5306904
p278,-0.36822104,0.76790184,0.9316368,-1.0531305,-0.6149313,-2.5954044
p610,1.8589236,1.1486431,3.0420184,-1.2917322,2.6113217,-3.9302902
p9689,1.9045576,1.1846141,2.9875603,-1.2777716,2.5790555,-3.8824933
s82451a,-0.29137453,0.60651416,1.0918378,-1.0093843,-0.64230025,-2.3547175
s82251a,-0.34136212,0.63402295,1.0715199,-0.93741393,-0.5995865,-2.372658
m2012,3.5773618,0.317783,4.865022,-6.3272686,-2.0203252,-3.3786561
m2011,3.692638,0.34934106,5.122507,-6.4936786,-2.0862546,-3.4761944
m2041,3.5706398,0.26134834,5.92934,-6.2363043,-2.2055483,-3.4079685
m2042,3.428094,0.21165931,5.983686,-5.965094,-2.1895442,-3.2979336
m21611,3.9560328,0.56910235,4.6473904,-6.9639063,-1.8658625,-3.7243156
m21612,3.8939676,0.5859561,4.361966,-6.8722677,-1.7471375,-3.674989
s71111a,-0.44688308,1.0585656,1.1363434,-1.0837722,-0.5922005,-2.923197
s71112a,-0.43000403,0.98972267,1.0919185,-1.0878633,-0.63042563,-2.9525857
f530,-0.30663124,0.69159055,1.0545256,-1.072992,-0.5795169,-2.3369522
o99345,-0.47164688,0.7145771,0.98223543,-1.0528874,-0.6477383,-2.3374312
l89212,-0.35397467,0.48837024,1.0200522,-1.0988412,-0.58967364,-2.5135448
l89222,-0.25301412,0.59148705,1.1663817,-1.0682704,-0.5342131,-2.508461
z794,-0.3827025,-1.8780224,2.2927685,-1.3492714,-2.5634263,-2.1296813
s82831b,-0.44384968,1.0462612,1.2047896,-1.1213168,-0.74212545,-2.8212452
s82871b,-0.44136104,1.0255021,1.2535845,-1.1066047,-0.6947953,-2.7584171
i82432,0.8892283,3.3506246,-3.9620347,-6.84109,-2.1350918,-7.4233794
i82412,0.8310406,3.1705496,-3.725318,-6.415021,-1.9900283,-6.9678497
i82442,0.88514864,3.369099,-3.9553864,-6.8537097,-2.1080842,-7.4575644
r402252,-3.2147963,3.7017925,-3.2952874,-1.7411754,0.63248354,-7.87248
r402362,-3.0693982,3.4714057,-3.2409203,-1.7272933,0.5508451,-7.5866084
r402142,-3.1258214,3.5047784,-3.2839327,-1.7528708,0.54496753,-7.691023
r402242,-2.475929,2.705032,-3.1323488,-1.9238076,0.36065337,-6.680352
r402132,-2.1563923,2.3055654,-3.3625515,-2.5501232,0.21268852,-6.608028
m90552,-0.35481593,0.77088016,1.05735,-1.0784009,-0.61912495,-2.6626685
m90551,-0.40264696,0.6758087,1.0870847,-1.0108225,-0.67342985,-2.6848335
s02832a,-0.43349215,0.5583079,0.9561405,-1.0567671,-0.4893063,-2.3957531
s02831a,-0.49830163,0.69312024,0.9371712,-1.0245988,-0.61738056,-2.3084576
s92334a,-7.3764095,6.040703,-1.2408582,-1.0914749,-0.45067558,-7.8900404
s92344a,-7.02696,5.762886,-1.1976517,-1.0252411,-0.43194482,-7.468138
s92324a,-7.0390325,5.7598705,-1.1859536,-1.0300415,-0.4254196,-7.4911995
i252,-0.8613223,-1.287146,2.696217,-1.7335587,-3.8115935,-2.07073
z79899,-0.79808253,-1.7173778,2.3887875,-1.8545852,-2.7335362,-1.8837101
n8302,-0.32784584,0.60223544,1.0551273,-1.1361774,-0.6965851,-2.357999
n8301,-0.27723578,0.6440903,0.9520973,-1.0926685,-0.6293268,-2.4332957
m4625,-0.40927592,0.8342527,1.0981916,-1.2222191,-1.0033393,-2.1875541
m4645,-0.3706235,0.9015147,1.0126426,-1.1596657,-0.99767816,-2.202674
t865,1.2084306,1.3538613,-3.0062308,-2.4326239,1.6681566,-9.659572
d89813,1.0783582,1.2337866,-2.7580261,-2.223132,1.5166144,-8.791099
d89811,1.1754577,1.3077351,-2.972279,-2.3850672,1.6301261,-9.504654
t8609,1.1401519,1.2768527,-2.8622854,-2.3025384,1.5671946,-9.151077
f0280,-0.5193258,0.72829443,8.868997,-7.0662727,4.276953,-5.341401
g20,-0.35644287,0.69229823,7.2459836,-5.6612563,3.556046,-4.313675
g309,-0.47949088,0.7044238,8.51089,-6.75716,4.1045218,-5.11497
s12500d,-2.672701,5.5961485,4.830746,0.44440845,0.57524914,-3.6541915
s12600d,-2.6164682,5.532261,4.602615,0.33445328,0.63345146,-3.5478415
s22019d,-2.3270175,5.034545,3.8847256,-0.33478397,0.8631769,-2.873518
s22029d,-2.3219607,5.043294,3.814418,-0.8453123,0.82064945,-2.6207023
s22039d,-1.9970707,5.222979,3.9090488,-0.85412097,1.0002488,-2.7587667
s22049d,-1.8391575,5.425774,3.9774418,-1.0428158,1.0219806,-2.7771451
s22059d,-1.4101133,5.7976804,3.9864202,-1.0975,0.8468242,-2.7908914
s42102d,-3.164697,5.6859345,4.5196095,-1.3609418,0.0016173961,-2.543464
s12200a,-0.23812301,0.73521453,1.17814,-1.3213953,-0.67458713,-2.4539967
s12101a,-0.23107375,0.6810543,1.1191728,-1.350124,-0.65857744,-2.458312
l03111,-0.23885858,0.66932386,1.0918394,-0.83738446,-0.61540496,-2.838772
l02411,-0.25304767,0.8031867,1.1438062,-0.78531873,-0.667203,-2.8706563
m9701xd,-0.54070336,1.0065475,1.0989662,-0.8306892,-0.4814706,-2.715218
s72111d,-0.5893548,0.95153314,0.9744924,-0.9073858,-0.47460878,-2.723803
t43226a,-3.8151927,0.95336634,6.9724884,0.839227,-4.2311597,-3.9436824
m4124,-4.5659175,-4.903579,3.090227,-5.956549,2.4381528,-8.482397
m4125,-4.1692324,-4.4825153,2.8425624,-5.427693,2.2430348,-7.7357187
m4126,-3.978706,-4.292033,2.7298014,-5.1741223,2.1539104,-7.3555875
a6000,-0.5639265,0.544015,1.1382436,-1.06725,-0.54672706,-2.5076675
o9832,-0.52921385,0.7614318,1.2351493,-1.1297903,-0.53189266,-2.4678833
l03314,-0.5764032,0.68611425,1.4568355,-1.1899056,-0.5779168,-2.7604427
l02214,-0.4670739,0.70097417,1.4361866,-1.1590041,-0.58606595,-2.7607594
d89810,1.0542871,1.1971304,-2.7264287,-2.1732883,1.4814185,-8.632752
s065x0a,6.3086305,6.6655707,5.877851,-0.12948391,-2.3215632,-7.614583
s066x0a,6.321561,6.6457996,5.854055,-0.11260561,-2.3138156,-7.5879226
c7901,-0.47978476,0.6478347,1.0613644,-1.0175487,-0.6794711,-2.4628165
c7902,-0.44451693,0.6977245,1.0118229,-1.0739434,-0.7185136,-2.4715128
z559,-2.2860773,2.6606193,2.172031,-4.0912127,-7.0617614,-2.621887
z77128,-2.3891945,2.8054817,2.2488477,-4.276491,-7.347866,-2.7164667
z658,-2.2918072,2.441569,1.7571098,-3.6123931,-7.1986465,-2.8938997
z609,-2.4190726,2.3080316,1.5314524,-3.344163,-7.5202737,-3.2533612
z639,-2.3953993,2.2684033,1.4973593,-3.2964723,-7.463939,-3.2298303
z599,-2.3616982,2.2255118,1.4621797,-3.2255318,-7.367697,-3.210904
k7290,-3.4255946,-2.3570201,-0.56226414,-3.0734239,-1.2438165,-4.857158
k7031,-3.4633653,-2.3477035,-0.55561435,-3.0774903,-1.2326034,-4.846928
i8510,-3.4101124,-2.3796358,-0.5898734,-3.0695128,-1.2323151,-4.8171535
k766,-3.3972378,-2.3560576,-0.59740734,-3.061664,-1.2361075,-4.82045
r188,-3.3266742,-2.4049525,-0.6257812,-3.0792906,-1.2764349,-4.8706756
k7460,-3.3187032,-2.4144979,-0.6327186,-3.088642,-1.2751015,-4.8711295
d684,-3.4286737,-2.3576167,-0.5667615,-3.0695019,-1.2425045,-4.835886
k3189,-3.3493521,-2.3418195,-0.5704104,-3.0620577,-1.2216854,-4.7951436
m79672,-0.32453394,0.6724703,1.0824585,-0.98417497,-0.6627435,-2.5100183
m79671,-0.40685257,0.7349301,0.977126,-1.1184403,-0.7044772,-2.4596183
s90811a,-0.41675738,0.74619645,1.1425416,-1.0933341,-0.68420607,-2.4595015
s90812a,-0.38585234,0.743692,1.0735714,-1.1255406,-0.5944834,-2.53174
e1052,3.537145,1.7082255,-1.6624352,-2.8612761,-1.1904737,-6.176651
e10621,3.5742435,1.6497189,-1.4968972,-2.9182384,-1.026355,-5.957888
e10628,3.5381002,1.6942409,-1.582282,-2.8802998,-1.0704138,-6.0943165
e1069,3.585257,1.7271898,-1.6900395,-2.8958943,-1.1682528,-6.211784
e1051,3.5386164,1.6809036,-1.6259001,-2.9124935,-1.1340349,-6.0750127
s83412a,-0.4195948,0.59272575,1.1004034,-1.0115767,-0.6039061,-2.4885144
s83512a,-0.4859861,0.69665414,1.120982,-0.9537712,-0.7348505,-2.466994
c7972,-0.57234657,0.72656643,0.9499839,-0.9679229,-0.6815267,-2.5622053
c7971,-0.51203537,0.64006686,0.9508538,-0.94513434,-0.7270757,-2.546555
m2602,3.510695,-1.4691575,4.3198347,-8.159127,2.013989,-6.4528546
m2603,3.4372745,-1.4459442,4.222885,-7.9987745,1.9801933,-6.276997
m264,3.2495685,-1.3562237,3.960736,-7.528859,1.8605859,-5.8728867
k648,-0.4893993,0.75591,1.2088999,-1.0739156,-0.5548578,-2.4401457
k644,-0.48085842,0.67641646,1.1778052,-1.1323389,-0.4924508,-2.405743
s065x9d,0.27006355,5.1092277,7.7148237,2.8770895,1.5809623,-7.6349764
s066x9d,0.277053,5.151933,7.7844195,2.8918488,1.5928077,-7.713547
s0219xd,0.25564572,4.8929243,7.3908796,2.7768023,1.5371021,-7.307883
o99111,-2.9602098,3.844635,-3.7427003,-6.8865504,-6.094724,-6.8229685
o99411,-2.6516595,3.455652,-3.3810577,-6.1601324,-5.4519777,-6.101469
o26831,-2.610191,3.3792844,-3.3374612,-6.045099,-5.348889,-5.9688244
n896,-0.32290566,0.6262446,1.0587547,-1.0139811,-0.58859366,-2.4201543
o3463,-0.33443353,0.59778535,1.0413733,-1.0826099,-0.53118676,-2.4126513
p0734,-0.40797383,0.75477064,1.0967909,-1.0689061,-0.49341533,-2.3548276
p0716,-0.37307885,0.83700836,1.0165662,-1.14302,-0.5285371,-2.3885393
s02412a,-2.0704813,5.25352,6.686356,-2.5144436,-9.546212,-3.7428606
s02411a,-2.05456,5.2279315,6.654303,-2.4967353,-9.486676,-3.7145815
o34211,2.989487,3.420563,-2.8519938,-3.4415767,-7.0856423,-8.605662
z302,2.7074301,3.1077604,-2.616958,-3.121299,-6.4522853,-7.8126764
n858,2.6739316,3.055103,-2.5849721,-3.064983,-6.3506503,-7.6811485
i82411,-5.6473503,1.1890789,5.8494763,-1.1709956,4.825828,-7.306445
i82431,-6.16599,1.3142302,6.410307,-1.2796578,5.2700567,-8.017836
i82441,-5.403001,1.1426067,5.59509,-1.1258415,4.6459374,-6.990315
q210,1.3446983,1.1356854,3.5951278,-2.1644099,3.138199,-3.8603694
m7072,-0.29404432,0.76336783,1.0100609,-1.0684822,-0.54328537,-2.4444914
m7071,-0.30774996,0.8633697,1.05024,-1.1378658,-0.65087867,-2.4085617
z681,0.088185124,1.9992012,-1.2301116,-8.389027,-8.015695,-5.737102
e43,0.07310053,1.8513389,-1.117535,-7.779808,-7.4383764,-5.3362603
r64,0.08580409,1.710122,-1.0625625,-7.2682652,-6.9449177,-4.9512568
m19021,-0.12481675,0.6215875,1.0530597,-0.74752164,-0.6946907,-2.4110956
m19022,-0.114254706,0.44078258,1.1087263,-0.7706088,-0.7823893,-2.400402
l97828,-0.52637553,0.7664122,1.015969,-1.0319964,-0.509286,-2.511402
l97818,-0.5974854,0.8088255,0.97804415,-0.9720637,-0.6170939,-2.4843721
t402x5a,-5.1178308,-3.222009,8.426707,-1.6184394,-0.7629838,-5.988772
k5903,-5.533018,-3.4719326,9.119509,-1.7650441,-0.80657214,-6.5156593
t40605a,-4.6998405,-2.967017,7.7707396,-1.4862372,-0.7257613,-5.5006323
a9232,-0.32251707,1.0773387,1.2880594,-1.1311159,-0.765181,-2.844522
g02,-0.3408644,0.79372495,0.923395,-0.8836004,-0.6647262,-2.3356347
a878,-0.29562575,0.90439373,0.94024366,-0.9972589,-0.66269773,-2.539167
t24211a,-2.8891544,3.172237,-0.8822181,-3.7665453,-0.6359622,-2.5841956
o99323,-0.32335657,0.7328302,1.0235643,-0.9676723,-0.40480006,-2.4432075
o99333,-0.31537923,0.79919857,1.0283902,-1.0416434,-0.44033003,-2.4005542
z90710,-0.37144488,0.74276274,1.0850732,-0.83174586,-0.5476297,-2.5031426
z9049,-0.20681183,0.7886844,0.976491,-0.9130366,-0.7436135,-2.4824295
o26872,2.15966,-1.6857535,-0.8730654,-7.7915792,1.1264707,-8.145586
o3432,2.0232444,-1.5779387,-0.82021874,-7.2326255,1.056542,-7.559233
o6002,2.1099303,-1.6740305,-0.8786475,-7.7009354,1.1213853,-8.077161
z3a27,1.9070851,-1.5398726,-0.81397825,-7.0145206,1.0444036,-7.346383
r402224,2.7284145,1.592888,4.293902,0.6642787,-3.8556745,-4.0602484
s42101d,-3.6453323,6.230672,5.0408006,-1.6213377,-0.38916457,-2.6910748
p7421,-4.910843,-2.9949775,-0.8314235,-3.587609,-8.242231,-8.786631
p741,-4.8820868,-2.9887738,-0.81306684,-3.572657,-8.193746,-8.738553
z950,-0.5580456,0.68323344,0.9069615,-1.1461483,-0.4730929,-2.5160606
i495,-0.5551344,0.80727196,0.8915436,-1.155437,-0.50958705,-2.5025823
t22351a,-2.239426,1.2617878,2.2820055,-3.630819,0.7090358,-1.281674
i2781,-0.3861013,0.8586128,0.8571878,-1.0417283,-0.35973755,-2.5287638
i2729,-0.51326424,0.8929698,0.8966274,-1.0505497,-0.306247,-2.4846282
k521,3.884379,-2.0080934,9.203447,-1.2350379,0.028272852,-7.665716
t3695xa,3.8961508,-2.0008821,9.246512,-1.2238299,0.025613882,-7.6918015
c7961,-3.9055948,2.8164542,1.7453936,3.08416,-6.965801,-7.741458
c7962,-3.9066536,2.8320522,1.7601047,3.0583327,-6.965536,-7.7756767
i82513,-0.4917774,0.8821085,0.9270802,-0.82227796,-0.7358261,-2.5502908
i82533,-0.47632673,0.98779225,0.9986478,-0.82189167,-0.7713217,-2.5795386
s0011xd,-0.42877463,0.69306296,0.9532119,-0.89151305,-0.6300878,-2.3926337
s0012xd,-0.48461938,0.56003964,0.9460134,-0.90705454,-0.6321132,-2.4462562
s80812d,-0.05231758,3.4114978,5.468016,-5.6101727,-6.3189373,-2.008061
s80811d,-0.050427917,3.5349097,5.6284094,-5.8013043,-6.520391,-2.102412
s40812d,-0.034186684,3.4782023,5.525655,-5.696641,-6.4140735,-2.0482256
s40811d,-0.04154023,3.6987963,5.8232965,-6.0165267,-6.7585034,-2.1847718
p74422,4.3426495,4.697246,1.6132346,-0.99823666,-8.000857,-7.1265707
p7441,4.286338,4.6670556,1.6140443,-1.0002401,-7.9402843,-7.08617
t2000xa,-1.5665879,3.8697228,0.44744515,-3.2020395,0.76754105,-2.0867841
z1159,-0.46842566,0.77689534,1.0838706,-1.2274153,-0.64168566,-2.5962546
z114,-0.41601846,0.7791658,1.0818481,-1.2144301,-0.68281925,-2.617078
e840,-0.5614068,1.9855666,1.3170999,3.3133357,0.73281795,-8.585634
e0865,-0.54628617,1.9543558,1.3247465,3.3093383,0.72389203,-8.524449
e848,-0.5803349,2.0574512,1.3073217,3.3820386,0.7567879,-8.799162
e089,-0.55277777,1.9639101,1.3388087,3.314799,0.717035,-8.599867
k909,-0.5101088,1.8190699,1.2534587,3.129193,0.70556843,-7.98547
k8681,-0.51492494,1.8338553,1.2497104,3.1320417,0.7074845,-8.021087
s52602b,0.62790644,4.724728,2.665627,-1.3706573,-10.060708,-5.5496817
s52502b,0.61369187,4.718615,2.6634498,-1.3840778,-10.006889,-5.5669584
q743,-0.04371388,1.0764028,1.0332066,-0.9937775,-0.35038653,-2.4203558
q6501,-0.083330825,0.9755403,1.0852077,-0.9262259,-0.28577453,-2.4203918
s32058a,-3.1976037,-0.8865055,0.38226986,-7.717002,-0.19246794,-4.3056984
s32048a,-3.4545412,-0.97214425,0.40057886,-8.222129,-0.2065081,-4.649796
s32038a,-3.489886,-0.97293746,0.40289217,-8.303207,-0.20362161,-4.70307
s32018a,-3.410758,-0.9531686,0.3942316,-8.117663,-0.2016788,-4.562547
s32028a,-3.439744,-0.9630005,0.38203818,-8.176036,-0.1926913,-4.594684
j342,-4.376969,3.1419444,8.730889,-3.1524234,-6.8057685,-2.852183
j343,-4.389428,3.1331608,8.754434,-3.170988,-6.8304653,-2.8627698
d6832,-5.9371176,2.2383435,-1.3194726,1.2896072,-4.640317,-8.541274
t45515a,-6.4011765,2.4255733,-1.4316736,1.3903096,-5.0100727,-9.2441635
r791,-5.6746373,2.1501667,-1.2620049,1.2326232,-4.4339294,-8.149497
f1510,-0.68950045,3.2796519,6.248139,-2.8627577,-0.7106151,-1.5027418
z560,-0.65178776,3.347771,6.3133836,-2.8551471,-0.5376578,-1.5876598
m19031,-0.38842726,0.84888446,1.0324687,-1.1896335,-0.72397816,-2.4033053
m19032,-0.42607492,0.7450399,1.0303036,-1.2706604,-0.75229484,-2.5369425
s20222a,-0.09189614,0.9709272,0.81592995,-0.8408766,-0.5153355,-2.606747
s20221a,-0.06456424,0.87479544,0.86443,-0.93717766,-0.63688344,-2.5614898
r402253,0.631354,1.1829325,1.1764314,-7.5982985,3.6242342,-5.7860656
r402143,0.5149561,1.0725793,1.1590855,-7.2723613,3.544515,-5.5090013
r402363,0.4965333,1.0606602,1.2197548,-7.3259373,3.6097198,-5.614553
z951,-0.7999046,-1.2498496,2.6020322,-1.6595207,-3.514002,-1.9255565
i480,-0.2051733,-1.1753211,3.4623754,-2.9101,-3.1855772,-1.687421
i4891,-0.24031073,-1.1764019,3.5039606,-3.0209186,-3.2164664,-1.6992112
o99412,-0.35518035,0.60876954,1.1178899,-1.1010263,-0.58096737,-2.6537209
o99112,-0.47949564,0.74626625,1.1661576,-0.9939698,-0.52644694,-2.7582154
s72301k,-0.57244754,0.666899,1.1037126,-1.0049915,-0.51351047,-2.5580359
t84114a,-0.47211662,0.6314364,1.084945,-1.0880587,-0.49666724,-2.5251453
t508x5a,-0.46481937,0.58645505,1.1004692,-1.0096349,-0.46101165,-2.3750849
n141,-0.47783938,0.73716104,1.0167816,-1.0788825,-0.48122227,-2.3112519
l02213,-6.3722425,0.27279884,-2.6135662,-7.803674,0.8190815,-8.480538
l03313,-6.3819366,0.26439032,-2.636081,-7.826374,0.8164303,-8.457179
t25321a,-3.1069973,2.1459303,2.9686832,-3.6014948,3.3130212,-3.330028
t25322a,-3.0814478,2.0812624,2.9343297,-3.6008854,3.172171,-3.1611068
t25312a,-2.8268125,1.8594493,2.7581754,-3.2373514,2.6997159,-2.6363354
p718,-6.0448213,5.3722677,7.347491,-5.4683475,-3.949462,-2.31482
p0418,-6.0343432,5.370392,7.340547,-5.4534945,-3.9251251,-2.3005896
z01810,-0.6023057,0.83178025,1.0356011,-0.87705046,-0.9053424,-2.389183
z01811,-0.600439,0.78496563,0.99513793,-0.9710757,-0.9321915,-2.3548675
l03811,-0.44082615,0.55599415,1.0905651,-0.9296792,-0.7099154,-2.3383992
l02811,-0.4824651,0.5717729,1.0155498,-1.0021725,-0.6290119,-2.2723727
l02212,-0.5360042,0.91144437,1.0421973,-0.9714504,-0.69864327,-2.413458
l03312,-0.5409458,0.92192745,1.0944146,-0.89653945,-0.7300641,-2.3682437
l89612,5.1530285,3.6992073,1.3034369,0.96478,1.5492969,-11.583017
l89622,5.1890798,3.716128,1.2832652,0.9917949,1.5787883,-11.598267
s065x9s,4.5786242,2.5995162,2.6007292,-9.480891,0.9497859,-5.865613
s066x9s,4.569076,2.615356,2.6401794,-9.5133095,0.93257004,-5.915956
q442,-8.969568,1.2530913,1.2713137,1.393067,-1.6719787,-9.291311
e60,-8.309333,1.1375693,1.1705278,1.2797326,-1.526216,-8.561808
k745,-7.761065,1.0539346,1.0763533,1.2008818,-1.4037755,-7.9270897
r402121,-2.8951972,7.4786,-0.32001993,-0.97656703,-3.6669457,-5.093101
r402221,-2.9251776,7.56124,-0.33152166,-0.99045974,-3.6963687,-5.127364
r402351,-2.9399192,7.5311627,-0.33509684,-0.9621053,-3.6808317,-5.1163807
r402131,-2.7090838,6.862161,-0.32949147,-0.8802919,-3.3483288,-4.651085
r402341,-2.8400295,7.345954,-0.32417876,-0.94561136,-3.5921602,-4.979331
z8249,2.5311542,-0.53303385,-2.8011913,-8.418496,-3.235457,-8.458905
z833,2.5176117,-0.5319021,-2.7922063,-8.404746,-3.2281904,-8.458913
l89529,-0.5470625,0.6065273,1.2323445,-0.91601443,-0.4350778,-2.513051
l89519,-0.5234815,0.5795372,1.1893694,-0.99308676,-0.40299278,-2.4844954
l89626,-9.023334,1.2392235,0.44598457,-6.836293,0.042827882,-6.330416
l89616,-9.0152235,1.2587534,0.46020055,-6.853217,0.04770114,-6.356963
s90822a,-2.001027,8.81367,-3.5330403,-2.4547894,-1.9303042,-8.894037
s90821a,-2.0039854,8.82134,-3.5221956,-2.441731,-1.9287139,-8.891519
p0736,-4.750649,4.466582,-3.0035832,-1.871273,-4.052191,-6.809944
p0717,-5.269892,4.9765134,-3.2969084,-2.1068945,-4.5393744,-7.6155157
p0735,-4.724399,4.432994,-2.9698822,-1.8575902,-4.013213,-6.750416
z6741,-6.4731097,-1.1626253,6.582151,-4.476419,-1.6450733,-3.6627722
o26893,-7.2839327,-1.219465,7.3038754,-5.015617,-1.8036829,-4.136884
z6711,-6.362554,-1.1457856,6.4534273,-4.38782,-1.6136159,-3.5912092
z6791,-6.112987,-1.1345208,6.2261457,-4.221402,-1.575863,-3.4477649
i69051,0.28457382,6.5820484,3.312139,-3.283346,-6.504621,-3.056622
i69020,0.28838497,6.6457815,3.3482738,-3.3228936,-6.5621557,-3.104125
i69091,0.2927205,6.8399153,3.4435222,-3.4153662,-6.7510495,-3.1849132
i69098,0.27143916,6.4032183,3.228109,-3.1842334,-6.330573,-2.9838896
o99324,-0.6513117,0.59444976,0.88391775,-1.2751437,-0.49502313,-2.5982175
o99334,-0.72817886,0.57349604,0.9048677,-1.3107005,-0.5206059,-2.57169
m79605,-0.22639489,0.5593914,1.1325481,-1.4496692,-0.64142454,-2.239192
m79604,-0.20278683,0.57716006,1.1344192,-1.408129,-0.56052625,-2.183952
m4712,3.0153117,2.8175492,0.118228175,-10.00943,-3.5794406,-5.2708087
m4722,2.7093267,2.5061152,0.08037904,-8.947004,-3.2060077,-4.6884604
m4802,2.6668675,2.462075,0.07676616,-8.817658,-3.157871,-4.621447
s12400d,-3.3286943,-5.3302956,2.7618928,-8.830416,-1.7771326,-6.969639
s12300d,-3.3047032,-5.317052,2.7405148,-8.785946,-1.7667148,-6.932768
s8012xd,-0.34585208,0.6920792,1.0780879,-1.0271435,-0.5515831,-2.2435093
s8011xd,-0.30556548,0.7436524,0.96078473,-1.0754462,-0.49898356,-2.2759607
l03311,3.3137167,2.838366,-1.7317187,-9.772758,0.42758906,-7.9851103
l02211,3.3068597,2.8386629,-1.7214758,-9.741809,0.432551,-7.955912
o2662,-0.87377864,-2.7218335,-3.8358684,-6.689671,-2.7989204,-10.260221
k831,-0.8785587,-2.693206,-3.8222904,-6.6678257,-2.789979,-10.238687
d6959,-3.365537,-2.3693302,-0.5808759,-3.074269,-1.2439158,-4.7976775
s61210a,2.462986,4.383515,3.5414448,-8.383721,-1.4737873,-3.0982263
s61212a,2.7413995,4.8891177,3.9740057,-9.344067,-1.6690252,-3.4797637
s61214a,2.729973,4.820903,3.9317849,-9.256156,-1.6556954,-3.4373293
s61216a,2.457501,4.3613777,3.538308,-8.372117,-1.4829843,-3.0757606
s0121xd,-0.29220366,0.8234513,1.2088403,-1.0537832,-0.6101876,-2.612914
s01511d,-0.21964481,0.7223132,1.2277498,-1.0179298,-0.6667215,-2.5385919
s22069d,-1.1480536,6.5976863,4.1930723,-1.3411683,0.6817403,-3.0064993
s60512a,0.04975316,1.0686624,1.0405581,-0.8836057,-0.7568643,-2.441717
s60511a,-0.0065676537,1.04549,1.1291969,-0.7247675,-0.70594156,-2.4373798
e230,-2.8326538,7.6788735,2.9292974,-7.234672,-5.448085,-2.7950945
e232,-2.835094,7.6733046,2.915723,-7.2250223,-5.4378757,-2.7631474
m2142,5.498517,-0.14576311,3.1141956,-1.2392448,-8.133904,-8.661545
m2141,5.512045,-0.14505136,3.1204784,-1.257691,-8.123531,-8.675687
s51811d,-2.530742,2.7848337,-2.7380588,2.1561594,-0.9589494,-11.759784
s51812d,-2.5347786,2.789267,-2.7256613,2.155174,-0.9650216,-11.776837
k047,-2.1783237,7.1350636,7.7220263,-4.3366756,-5.5485764,-2.3641503
k029,-2.188119,7.1597853,7.744638,-4.3393693,-5.571674,-2.3390265
e1043,4.1461234,0.6590572,0.10854641,-3.938354,-0.92657053,-4.9951954
k3184,4.622249,0.4722124,0.12438596,-5.0832305,-1.5530368,-5.63965
e1143,4.6975403,0.41878825,0.19308937,-5.306525,-1.6920555,-5.714192
m7542,-0.5270199,0.59865695,0.98259753,-1.1475505,-0.55812865,-2.5263038
m7552,-0.50067306,0.7026271,0.9540359,-1.070043,-0.6176665,-2.4752722
t59811a,2.0724978,6.4279776,9.597299,-1.7972463,2.1743698,-5.587548
j705,2.065106,6.4294972,9.595981,-1.800009,2.1614769,-5.6255465
s22059a,-6.777637,3.5082805,0.5895676,-2.4480052,-2.627154,-4.020924
s22039a,-6.579683,3.697483,0.45986274,-1.9690603,-2.89488,-4.1208987
s22029a,-6.648455,4.0154138,0.36403883,-1.6052876,-3.3012123,-4.4727983
s22019a,-6.4382663,3.9754994,0.29950923,-1.4213756,-3.2591274,-4.4149175
s22049a,-6.698252,3.6327395,0.56651944,-2.2218983,-2.784942,-4.086203
s22069a,-7.3792086,3.4703095,0.66368175,-3.1797638,-2.4227197,-4.193132
s22079a,-7.1159754,3.2847607,0.64170545,-3.2529018,-2.214016,-3.9922628
s81802a,-4.162425,-3.1338406,6.8233643,-7.3495135,3.0991247,-6.296518
s81801a,-4.14951,-3.112603,6.8032656,-7.319732,3.062429,-6.2895055
i82512,4.385565,7.626284,2.6749952,1.7456728,-3.3943808,-8.792758
i82532,4.389243,7.618513,2.665813,1.7613724,-3.383459,-8.740716
l233,-0.8053507,0.8350578,0.9174475,-0.9467186,-0.34656742,-2.5522795
t490x5a,-0.7927685,0.7960758,0.86169803,-0.9928469,-0.37814417,-2.6138246
m549,4.7704883,5.4922867,7.821985,0.64194274,1.4257181,-8.084576
g8929,4.7439313,5.4792733,7.8078737,0.6320719,1.4153887,-8.093787
p0725,-5.3473926,1.5285057,5.0839014,-0.55883586,0.48515764,-3.4732447
l89213,-3.0494065,4.7461505,4.368397,3.3797374,4.0874014,-10.822609
l89223,-3.0453649,4.749583,4.389983,3.3649971,4.075209,-10.863233
e119,-0.9800094,-2.028632,2.6488705,-1.2415202,-2.5628376,-2.2613106
z86718,0.1182604,-1.1261945,4.175231,-3.5058038,-3.49628,-1.8865234
m62462,0.7635271,-2.523441,8.73674,-1.3407598,3.4535127,-8.483851
m62461,0.76925987,-2.5097532,8.693104,-1.3253126,3.4440198,-8.440237
l89323,0.00624157,0.39521307,1.276217,-0.91484725,-0.8611788,-2.3479724
l89313,-0.011319625,0.39811143,1.2126805,-1.0007129,-0.764324,-2.3505359
l03211,-0.94618315,1.150333,-2.4348383,-6.288912,3.200561,-8.332689
l0201,-1.1048266,1.3279796,-2.6744633,-7.0323353,3.5674481,-9.402655
k122,-0.9593095,1.1689057,-2.408138,-6.2605762,3.1520107,-8.280971
g919,-0.733282,0.34580505,1.2439256,-1.2350924,-0.4386382,-2.3817532
z982,-0.6123137,0.35793963,1.2815737,-1.2216588,-0.41603497,-2.4652548
i70239,-9.031731,-1.7430425,5.2748976,-0.74651533,-2.7078955,-6.9916644
i70249,-9.063486,-1.7651293,5.2788005,-0.74053496,-2.7183778,-7.0059924
t43226d,-0.39997175,-1.0773649,6.228245,-10.506396,2.5613298,-5.432495
t43596d,-0.39274952,-1.0891005,6.214515,-10.475628,2.5629058,-5.408454
t3120,-0.5622433,3.1250932,-0.119825475,-4.4352756,-0.09201357,-2.0284455
t2121xa,-2.3415873,2.7440004,-1.0107906,-3.796837,0.39153397,-2.8511515
m13861,-2.4753144,6.145407,5.983045,-2.323889,6.2477703,-7.326517
m13862,-2.4713826,6.133641,5.9654036,-2.3151808,6.222297,-7.32817
s71102a,-3.8023808,3.7041698,4.3341303,-9.133582,-6.3111334,-2.4886675
s71101a,-3.814683,3.7254817,4.347969,-9.143682,-6.3168945,-2.4953003
s83411a,2.0952067,8.649957,2.8003023,-3.9771116,3.0529058,-6.4117975
s83511a,1.8962902,7.8663607,2.553007,-3.603389,2.7662735,-5.8244686
s83241a,1.8436452,7.6328907,2.4628382,-3.481323,2.6788018,-5.6183534
l89316,-2.3854992,-1.1518627,7.7048736,-3.740094,5.4720097,-7.3234534
l89326,-2.3933084,-1.1505016,7.7426486,-3.7601407,5.4866457,-7.3597145
m25471,-0.4396894,0.5803004,0.82471144,-0.9044984,-0.7612421,-2.3789015
m25472,-0.4076169,0.5791655,0.8537314,-0.8803787,-0.7440462,-2.3761034
r402342,-2.2758746,1.4941261,-3.692491,-3.4013853,-0.55094683,-6.827396
r402222,-2.1987484,1.8292615,-3.8501062,-3.5090392,-0.23636113,-7.1974387
r402352,-2.1505375,2.0473585,-3.6970482,-3.1739843,-0.037489135,-7.003421
r402212,-3.0716283,0.9535681,-3.7537353,-3.2494385,-1.69727,-6.983093
r402112,-3.4329782,0.94487333,-4.0265326,-3.56084,-2.0456219,-7.637816
r402312,-3.4028378,0.93962777,-4.0036397,-3.5226262,-2.0067513,-7.5574384
r402122,-2.2097473,1.8109188,-3.7873297,-3.4385035,-0.24544014,-7.141725
i69311,2.0160882,3.9181025,3.7926383,2.1483102,2.7894857,-8.634181
i69310,2.1160192,4.143411,3.9725444,2.2303393,2.9146223,-9.107872
i69314,2.0972013,4.0910306,3.9249647,2.2312937,2.8855915,-8.9905205
i69312,1.9942223,3.8626754,3.730205,2.1272297,2.749935,-8.520405
o322xx1,-3.1201677,-4.3958154,4.6681275,-0.3171418,3.019339,-10.572784
o322xx2,-3.128558,-4.4098434,4.68245,-0.30866814,3.0391736,-10.586578
s73014a,-2.4864354,-4.534871,8.322699,-3.8324823,1.9013069,-7.155192
s32421a,-2.5004306,-4.5864625,8.376085,-3.8521957,1.9134696,-7.187558
q220,-0.13930923,0.60518485,1.1310261,-1.3659519,-0.71064425,-2.3426168
q255,-0.12817785,0.63527083,1.0384439,-1.417763,-0.7313072,-2.3630304
p0714,-5.3789344,0.65040815,6.333632,0.34539255,0.17641674,-4.495794
p0731,-5.3327546,0.5310336,6.340672,0.46157214,0.1884431,-4.611877
p279,-5.166072,1.4638569,4.971448,-0.55535096,0.4271906,-3.3783505
s12601a,2.208117,7.5098453,1.1610494,-1.094775,-4.6163235,-5.308512
s12501a,2.2355645,7.360131,1.1384283,-1.1656753,-4.4873495,-5.2012305
s12401a,2.296592,7.4045606,1.1422281,-1.2047441,-4.481275,-5.2220416
s12301a,2.1297905,6.917367,1.0565846,-1.0921068,-4.2004848,-4.8539414
s22011a,2.0998697,7.0406423,1.0841823,-1.027173,-4.3271604,-4.9780765
m14671,0.16182764,-5.5626903,-0.7153466,-5.9157543,-1.3066308,-10.3714285
m14672,0.16270082,-5.5080166,-0.6821619,-5.892066,-1.3203182,-10.341562
m21371,-6.4285665,4.9699936,8.615006,2.6539574,-2.9608824,-6.3758526
m21372,-6.4375687,4.985761,8.621104,2.659098,-2.9716794,-6.4064083
i82b11,-3.604557,-2.3990896,-0.062900886,-9.871541,-5.298195,-6.2530875
i82a11,-3.5819366,-2.3983164,-0.07627499,-9.824133,-5.277229,-6.192022
c7a8,2.651086,6.757089,1.1725745,2.8521042,-0.09631222,-10.672289
c7b8,2.6394727,6.7449417,1.1684214,2.8398376,-0.091133974,-10.6334915
l89321,0.07528016,0.19620146,1.380336,-1.1152797,-0.44791955,-2.5714133
l89311,0.042438727,0.21510214,1.3881048,-1.0251505,-0.40774116,-2.5941112
s61213a,4.1475377,3.8246589,6.666347,-6.031973,0.41507286,-3.9763966
s61215a,4.712573,4.3604083,7.6012635,-6.862275,0.46847376,-4.5190263
s61217a,4.3547163,4.018029,7.00155,-6.332069,0.44162476,-4.170134
s31829a,2.1565537,8.042022,-2.6758282,-3.8066583,-3.7829134,-7.7840967
s31819a,2.1545951,8.053181,-2.6579452,-3.818801,-3.7846003,-7.823526
o365931,4.1205697,7.1547303,2.2233949,-0.6872193,2.6778407,-8.97245
o365932,4.086644,7.122519,2.2189703,-0.7049567,2.6574743,-8.963258
o081,-2.0720384,-2.0894704,-3.3908744,-4.724778,1.2441555,-10.985595
o00102,-2.0692012,-2.0671184,-3.3654025,-4.7308598,1.2240088,-11.000988
z3801,-4.7639966,0.37440753,1.0385897,-3.837024,4.7437057,-7.5058494
z23,-5.6098733,0.51992404,1.3008987,-4.527191,5.6071424,-8.876374
z3800,-5.275179,0.4626678,1.1834141,-4.2461486,5.269519,-8.326325
z96621,0.30620968,8.434573,-1.58835,0.80769396,-3.4498954,-9.071249
z96622,0.30068922,8.441619,-1.5937198,0.793685,-3.4506888,-9.098791
s80922a,2.4474747,-2.0627038,3.513822,2.314725,-6.041409,-9.814836
s80921a,2.4671907,-2.0540972,3.5583022,2.304822,-6.0784283,-9.917184
q673,-0.24095115,1.048256,0.68266624,-0.86803496,-1.1333547,-2.5274458
g249,-0.20539747,0.91838235,0.7413661,-0.71930236,-1.1459074,-2.5781631
s80212d,3.1298313,-0.17458795,10.219245,-3.5036101,-2.6365538,-4.6476097
s80211d,3.1288142,-0.16182162,10.263983,-3.5527341,-2.6538866,-4.7089224
i462,0.4894432,0.77213275,-3.306794,-0.6902564,-6.9555707,-10.655262
i4901,0.4822649,0.77238107,-3.303985,-0.6746137,-6.915291,-10.628382
d61810,2.0954204,2.2853112,-1.5046074,1.1406599,-1.2891421,-8.626075
t451x5a,2.2479703,2.1874928,-1.6117121,0.99168396,-1.215985,-8.789361
r5081,2.0610032,2.5459688,-1.4767828,1.3716396,-1.4358448,-8.906403
d709,2.02861,2.4277384,-1.4491171,1.2817618,-1.3634763,-8.639588
d6481,2.448062,2.034901,-1.7354612,0.7295892,-1.1532259,-8.955901
t464x6a,-1.7340368,-6.0184236,2.7558196,-3.8162885,-0.8901434,-8.010127
t447x6a,-1.5996017,-5.6017838,2.5519817,-3.5006654,-0.85911447,-7.3818016
t466x6a,-1.8115097,-6.131005,2.8113816,-3.876566,-0.92631656,-8.193023
t39016a,-1.619365,-5.60065,2.558479,-3.5079756,-0.85954016,-7.417845
t45526a,-1.5617251,-5.4646735,2.5015824,-3.414784,-0.8369914,-7.198259
s5291xd,-7.380274,4.560388,3.2918031,3.1490176,-3.2345948,-7.8398013
s52201d,-7.3830056,4.5691686,3.3107555,3.1384866,-3.2445138,-7.8726077
s80812a,7.488344,4.2270503,5.8878646,-4.2032075,-0.7110664,-6.784362
s80811a,7.4581704,4.2137337,5.869025,-4.1871877,-0.71912616,-6.7747016
l03011,0.9396082,2.218964,8.148779,4.395027,-2.4365332,-8.450306
l02511,0.9289525,2.2289894,8.181973,4.378466,-2.448813,-8.505427
o98811,0.06327634,4.5452924,-1.0577506,-4.354657,-9.175554,-5.990311
o2301,0.06367687,4.5330915,-1.0643795,-4.3393035,-9.147183,-5.957181
c3482,-2.8966172,0.18753605,-1.092675,0.6481001,-8.347646,-9.226856
c3481,-2.9116457,0.19018883,-1.1048282,0.6693691,-8.4183235,-9.302631
z13228,-3.197887,10.545245,1.1857541,-1.8768456,0.09611119,-6.464587
f17213,-3.1828072,10.501246,1.1811498,-1.8657317,0.07866594,-6.445517
q564,-0.48519945,0.72069067,1.0813,-0.8618021,-0.46883792,-2.4840183
h47039,-0.47198263,0.83552825,1.0353351,-0.8703843,-0.57280684,-2.4250405
p523,0.2690175,0.6620675,-0.58700246,-11.489832,-0.15082195,-6.5734715
p524,0.26885924,0.6656604,-0.6025205,-11.552598,-0.14706185,-6.59256
l03113,1.2250875,0.98669606,-0.6197692,1.0805777,2.821233,-12.526292
l02413,1.2302532,0.98535144,-0.6252184,1.099514,2.8420522,-12.551145
s80211a,-4.630391,1.3634529,9.724325,-6.121389,-3.7474914,-2.5517733
s80212a,-4.6131434,1.367551,9.690581,-6.10372,-3.7306411,-2.5633497
l97912,4.959394,7.812503,6.3238907,-2.97826,1.2014316,-6.3716593
l97922,4.977819,7.8077254,6.3095694,-2.955229,1.230608,-6.3244042
m19041,-0.39187172,0.0051730634,1.102847,-1.107712,-0.7114557,-2.5799592
m19042,-0.33570582,0.017146809,1.0746785,-1.0818795,-0.6506527,-2.6389298
s81811d,-0.7553744,0.24939474,1.127103,-1.4945161,-0.06704984,-2.3630018
s81812d,-0.7527825,0.27407157,1.0585425,-1.4404409,0.009689141,-2.3814626
l03115,4.28191,5.850117,0.20385109,-7.814066,2.294998,-7.5856833
l03116,4.2556243,5.853331,0.22563049,-7.80684,2.260759,-7.604388
q2542,0.3473768,-2.32289,10.834172,-3.0049791,0.32228434,-5.8817697
q251,0.33374465,-2.2935305,10.845309,-3.0148144,0.32260233,-5.9113064
j9851,-0.11782674,0.65372986,0.8361564,-0.89973134,-0.8000672,-2.5492568
j853,-0.08703259,0.589969,0.7857345,-0.9782534,-0.77345407,-2.6011608
s5292xd,3.0694468,-0.87235034,2.3467765,2.5635448,0.64872116,-12.2892685
s42292d,3.038517,-0.847945,2.3422966,2.5268493,0.6552025,-12.200613
m50021,-4.055999,6.639047,-2.0209253,1.4988662,-1.6174432,-9.525581
m50121,-4.054708,6.6371465,-2.014614,1.5076492,-1.6187726,-9.539011
i5084,-4.905113,4.9247384,5.9077153,1.8001096,-6.529838,-5.2366214
z95811,-4.91584,4.9424324,5.901501,1.8057009,-6.522618,-5.248956
s82401a,-6.4508643,5.3194885,6.0898523,3.1417975,0.5544031,-7.87141
s82201a,-6.475155,5.3416777,6.131803,3.140738,0.5484621,-7.8995447
j0110,-0.5172108,8.453257,-1.3230731,-2.3909295,2.2679877,-8.3956175
j0120,-0.5066002,8.407881,-1.3435954,-2.3613045,2.2863762,-8.3206415
s22068a,-5.8804107,0.8604366,4.1467853,-1.6777523,-4.2427816,-3.0065768
s22078a,-5.581091,0.744455,4.0065575,-1.58483,-3.92269,-2.8434298
l97911,-0.6620879,0.51518434,1.3087724,-0.94009805,-0.81058484,-2.3364089
l97921,-0.7969023,0.49815255,1.2700227,-1.0435587,-0.8724748,-2.2780313
z85118,-3.2252066,-0.75683975,-1.2645327,1.167457,1.7352128,-12.296284
z902,-3.2101135,-0.7420138,-1.2329546,1.1273274,1.7098507,-12.272499
m25811,-5.327222,-5.320025,6.080807,-5.7038746,-0.6142789,-6.6258516
m25812,-5.320286,-5.2925234,6.0761795,-5.711897,-0.6161403,-6.6630588
s6401xa,3.2097862,2.4871976,10.338076,1.2348765,-0.58928424,-7.1811714
s66124a,3.2611825,2.5107698,10.457701,1.2714792,-0.60381716,-7.2352242
o99335,-0.71774894,0.76068264,1.2495075,-0.78566945,-0.80699635,-2.310834
o99325,-0.698491,0.7725154,1.2067372,-0.81905264,-0.72360104,-2.3334792
t22251a,-2.6830506,4.7660728,-1.5879959,-3.6669493,-1.3718929,-3.6278033
t24231a,-2.6994045,2.8838274,-0.60848594,-3.6764293,-0.3485577,-2.319343
m5117,-0.7767722,3.8829675,5.09136,3.3936534,-5.9404407,-6.356213
m4807,-0.8629916,4.3222427,5.7051706,3.7522154,-6.631558,-7.10261
m4317,-0.7670057,3.7631795,4.9398613,3.3166437,-5.7598343,-6.157148
o99611,-0.47988304,3.1182022,5.9000173,0.9203492,-1.7291424,-2.9220796
o26891,-0.46798092,3.127067,5.793323,0.93632776,-1.7424079,-2.9016633
p2810,-7.433783,1.0734226,5.367489,3.5950158,-1.1578776,-9.077427
p7432,-7.406968,1.070166,5.3551254,3.5740714,-1.1553417,-9.051039
s61511d,-7.84043,-2.6677508,3.7965703,-7.8840313,-0.59533405,-5.880513
s61512d,-7.846183,-2.672859,3.7947366,-7.9006023,-0.6017149,-5.88875
o99211,-0.47879028,3.1490977,5.886967,0.94294935,-1.7566483,-2.8976626
m50022,5.6735444,-1.4479002,0.3034559,-1.3277786,-3.861506,-10.731671
m50122,5.7119656,-1.4615386,0.29259616,-1.3293314,-3.862451,-10.769284
s50812d,4.803436,7.230417,3.6357272,-6.996517,0.62126744,-5.5059614
s50811d,4.8088174,7.223127,3.6209276,-6.9831963,0.62895215,-5.4678288
o9943,6.6216226,3.6173668,3.407531,-2.3922954,-4.492305,-6.4816136
o99285,6.630586,3.6244078,3.4244382,-2.408303,-4.5100265,-6.5223413
o9953,6.158113,3.346104,3.160647,-2.2166731,-4.1605763,-6.010343
o99355,6.117815,3.3225322,3.1371531,-2.1945965,-4.137196,-5.9591756
s22058d,3.5999842,6.5483093,1.0193154,-5.310958,-7.826639,-5.5319457
s22068d,3.5702963,6.523907,1.0372258,-5.304187,-7.7953095,-5.5498695
n138,1.2620624,5.3311033,-3.5100377,-1.8653709,-0.637775,-8.952522
n401,1.478223,6.226181,-4.084956,-2.1979795,-0.76661366,-10.563657
r338,1.3798718,5.818686,-3.8372648,-2.0483441,-0.7072077,-9.82543
m86651,-0.27126828,0.48668593,0.82829744,-0.9201822,-0.6353382,-2.6087754
m86652,-0.39112705,0.32763407,0.872104,-1.0278288,-0.6917648,-2.525013
i82511,-2.3277097,8.909496,6.4394464,-6.535076,-1.9257227,-2.6449714
i82531,-2.3370774,8.902089,6.4432592,-6.5486603,-1.9419961,-2.6768818
s92121a,1.7154125,-3.13092,-1.1006258,-4.444043,2.3348632,-11.4484625
s92111a,1.6968541,-3.0783257,-1.0562258,-4.427668,2.2951465,-11.395861
i7300,1.073572,-2.9831758,1.106086,-0.5523881,3.0284355,-12.375071
m349,1.0819623,-2.9968386,1.0815398,-0.528349,3.0395977,-12.333304
j851,-4.670145,-0.98982114,9.530695,-4.0993276,2.2311666,-5.1153083
j850,-4.6795845,-0.97976714,9.535841,-4.1010823,2.2297282,-5.130309
h01003,3.9145262,5.3010755,4.11425,-7.733662,-6.246031,-3.888541
h01006,3.8970942,5.2793007,4.0829744,-7.686861,-6.2159915,-3.843176
r94120,-3.6768622,0.46748304,-3.7937934,0.22415194,-4.309993,-11.423355
p09,-3.6934667,0.46588966,-3.8050478,0.2126437,-4.325447,-11.46621
z7984,-0.9561768,-2.1178763,2.7513978,-1.1040077,-2.6630433,-2.4130633
i8511,-3.349435,-2.3594456,-0.56380373,-3.0894587,-1.2350404,-4.822568
s0511xa,2.548616,8.970081,7.7103033,0.1460959,-0.98119193,-6.117426
s0512xa,2.5344543,8.935475,7.6835127,0.14521454,-0.97865164,-6.1046085
s32512d,-0.38575977,2.5352287,2.5329843,0.9532001,5.796619,-11.525007
s32592d,-0.39782363,2.5523198,2.5467956,0.95373464,5.801394,-11.581765
g546,-0.96183133,0.8071894,0.765879,-0.75777406,-0.51121914,-2.547592
z4781,-0.94766873,0.85474086,0.7552615,-0.7865908,-0.42468587,-2.526451
c7801,-1.0126029,5.6484795,5.714992,-9.062559,-3.368609,-2.0803714
c7802,-1.0234478,5.6131263,5.7125406,-9.008601,-3.3570971,-2.072627
s062x7a,1.3638984,3.9716144,4.4700627,-7.395365,2.76462,-3.9111712
s066x7a,1.5362501,4.462226,5.0422115,-8.3277445,3.0705397,-4.4258175
s065x7a,1.5188996,4.477704,5.064871,-8.360458,3.0980246,-4.4457994
s061x7a,1.4400277,4.218151,4.7798142,-7.889963,2.922163,-4.1886563
s71112d,-2.7302303,-3.6641614,0.770001,-3.7983918,4.173329,-10.927699
s71111d,-2.704144,-3.6330326,0.7590602,-3.7666442,4.1310496,-10.839553
z9221,-9.793606,3.9698446,5.72308,-4.5505257,-2.486264,-4.136704
z923,-9.72587,3.9413786,5.6947017,-4.5432606,-2.4936059,-4.1606555
e1351,3.6588929,6.1125236,-1.8174399,-0.3494703,-5.0210347,-9.533598
e1322,3.703807,6.1509542,-1.8417708,-0.33500832,-5.0491085,-9.572334
z3a38,-0.48607224,-1.0290365,-0.07291018,1.872508,-1.9342419,-7.037494
t447x1a,-4.76791,-5.0506897,2.0007808,-0.7390817,-4.293508,-9.046768
t465x1a,-4.769011,-5.1007485,1.9879503,-0.7352043,-4.284872,-9.078605
j218,-1.4943848,5.867021,1.984263,0.9602036,-6.037701,-4.815427
b9710,-1.8000962,6.676568,2.3211076,1.0895545,-6.93678,-5.620919
j206,-1.4779854,5.82652,1.9786283,0.9583576,-5.99321,-4.7802463
b9789,-1.5934452,6.0959234,2.0851126,1.0090256,-6.3030972,-5.053392
l89322,-0.49703,10.412174,3.529896,0.23698255,-2.7119384,-5.94185
l89312,-0.5058914,10.433959,3.5425088,0.22016901,-2.7086751,-5.9795
n816,1.8835793,2.92719,2.441169,-6.568588,-9.147003,-4.3441477
n8110,1.8823416,2.9607518,2.4641917,-6.602664,-9.193668,-4.3869343
s225xxd,-3.742712,6.0215635,4.938433,-1.746754,-0.44480643,-2.5614343
s22079d,-0.9927463,6.6516833,4.07147,-1.471883,0.7515566,-3.034977
g8220,-2.0084023,9.422172,3.1036518,-3.3545408,-3.3635514,-3.5786684
n319,-2.2307515,10.366055,3.4118319,-3.713668,-3.7199705,-3.9683347
k592,-1.9583217,9.201606,3.0239499,-3.2686157,-3.2771769,-3.4899714
l0211,-2.5256493,4.2675843,6.2936,4.941954,-0.98145616,-8.551438
l03221,-2.5408342,4.302092,6.339376,4.95837,-0.99874085,-8.608383
l02215,2.399837,-1.238283,-2.9886508,-1.0948498,-3.7148736,-12.159141
l03315,2.4089751,-1.245312,-2.9843953,-1.0829338,-3.704154,-12.123136
f3289,-0.23935431,7.2119446,-0.34806147,-4.4783173,-4.853187,-4.1445875
r6889,-0.2726871,8.453896,-0.36062202,-5.225295,-5.687512,-4.906065
r419,-0.24559085,7.417015,-0.36511573,-4.6012735,-4.997769,-4.249194
r269,-0.24377246,7.4778824,-0.35200566,-4.633248,-5.0300946,-4.294561
s92251a,-1.9744383,0.104928054,-3.4401994,-8.975897,-0.6895854,-8.023227
s92211a,-1.9846663,0.10010518,-3.4688475,-9.04553,-0.6860714,-8.08473
s01551a,-1.163034,4.0654516,6.5251584,0.8550292,6.053804,-9.611884
s0185xa,-1.1599704,4.0713644,6.5432067,0.86616963,6.090979,-9.646561
s52602d,1.5573701,0.15870972,4.57606,4.6163406,-2.1931612,-10.590363
s52502d,1.5419278,0.16069637,4.5619726,4.5716357,-2.1900551,-10.5506525
m19072,-0.0072921277,0.6395288,1.440138,-0.9320934,0.024086533,-2.3881469
m19071,0.010461202,0.6864901,1.4455217,-0.8561464,0.01812627,-2.3656256
s02612a,-7.8858685,-2.6177282,2.079396,-4.06541,-7.361165,-7.0197606
s02611a,-7.8683066,-2.5997922,2.0760016,-4.0711074,-7.331805,-7.03618
i82452,0.82929254,3.1646445,-3.69754,-6.362282,-1.9466888,-6.900225
s233xxa,-0.63364124,-1.0444505,6.0478163,-11.3075485,-1.9355673,-4.009743
s335xxa,-0.63176924,-1.0671084,6.045613,-11.324115,-1.9250607,-3.9759612
s020xxb,-9.445775,2.3699799,-0.27719858,-2.7522788,0.8624204,-8.295039
s0219xb,-9.480556,2.3779068,-0.28258708,-2.7607133,0.8749422,-8.317281
s32018d,-0.46996373,2.8260157,-5.108024,-1.1004488,-2.8879821,-11.905416
s32028d,-0.47635028,2.8313956,-5.125936,-1.0942641,-2.8826694,-11.921668
z371,-0.83661747,0.15426785,1.2771007,-0.7441022,-0.73378867,-2.3254793
o364xx0,-0.8205253,0.18870147,1.1931074,-0.6963192,-0.73577434,-2.392324
l89629,3.4269133,6.015854,7.610398,3.177162,-1.9961026,-8.327825
l89619,3.437144,6.0266676,7.6261697,3.209402,-1.9970783,-8.32844
q625,-0.1399264,7.3111987,-1.9374918,-1.6269598,-7.2763705,-7.5204835
q6231,-0.1473883,7.283735,-1.950103,-1.6075401,-7.267255,-7.467706
s82252a,-4.8831415,9.669663,4.4785213,0.22214936,-4.422611,-5.3629737
s82452a,-4.883758,9.663954,4.4682975,0.20798488,-4.4248366,-5.3754125
z86711,0.2439807,-1.0385163,4.519408,-3.818499,-3.6600976,-1.984222
s32591d,-4.7214313,2.2710707,6.2253413,4.3589725,-4.615819,-7.7605853
s32511d,-4.756987,2.3066301,6.278197,4.355586,-4.652949,-7.8454533
s73015a,-6.787653,5.5929074,2.3121238,0.26569945,-7.898556,-6.2613955
s32422a,-6.8373675,5.624177,2.3110316,0.2654076,-7.925044,-6.2835608
m79661,-7.0223355,5.1602893,2.9472265,-7.0428357,-4.6584496,-3.0941653
m79662,-6.9984503,5.1401362,2.936412,-7.0255427,-4.6638026,-3.1160598
l89154,-2.167131,-3.991237,-0.5874539,-0.7173465,-6.688755,-10.545165
m4628,-2.1642568,-3.9987025,-0.6020192,-0.6935419,-6.679872,-10.516105
c562,-6.615238,9.006157,2.3155525,-3.2241232,-2.3320336,-4.6185713
c561,-6.583473,8.976247,2.3211184,-3.2225718,-2.3399658,-4.642415
l0231,6.4287066,4.1143675,1.0174688,0.20828582,-3.0452428,-9.811706
l03317,6.401613,4.117757,1.0335813,0.1933033,-3.0500202,-9.828687
l89219,-1.5137274,-0.772847,-3.239158,-8.419285,-5.5946546,-7.8717422
l89229,-1.4991763,-0.8015399,-3.2586138,-8.370261,-5.566371,-7.7859826
s22080d,-0.30347386,0.45716688,0.9985868,-1.441895,-0.83892876,-2.2925932
s32010d,-0.28702456,0.53409386,1.1241336,-1.3465074,-0.78733593,-2.2195926
z89611,1.3398124,5.410516,8.455077,-2.24109,-6.6599026,-3.4374068
z89612,1.3400663,5.4283366,8.482665,-2.2662194,-6.679645,-3.4770298
s272xxd,-1.4813792,-1.9784203,2.8523507,2.646905,2.3560023,-12.236365
s27321d,-1.4700346,-1.9804646,2.8423438,2.6476564,2.3565354,-12.201654
s22030a,-3.3349159,5.680355,0.46911278,0.30503976,2.0340605,-6.3950706
s22040a,-3.2045567,5.1772695,0.5256867,0.30157375,2.2255,-6.2110205
s22050a,-3.2735603,4.659602,0.65005636,0.2848353,2.9599996,-6.7030067
s22060a,-3.7827682,4.8841934,0.96882683,0.21990153,3.88411,-7.8949566
s22070a,-3.5347245,4.510544,0.9272628,0.19107006,3.7115655,-7.433577
s22020a,-3.3409715,5.701818,0.4718422,0.2978133,2.0633154,-6.4829397
s22010a,-3.3061445,5.631654,0.46783957,0.3038261,2.0479999,-6.3718557
s60811a,-7.944264,1.6571445,-2.8823178,-1.2912798,-1.7516496,-10.147259
s60812a,-7.9528465,1.6638896,-2.858766,-1.302449,-1.7647257,-10.189355
f1520,-0.7434522,3.4608703,6.2679963,-2.8277743,-0.6311782,-1.5467576
q201,4.8425946,6.995093,-0.99404895,-0.8725066,-0.48442787,-10.427444
q203,4.8638573,7.02759,-0.9943775,-0.8871603,-0.49233124,-10.496913
o9852,-7.108223,-5.1725655,4.1964307,-2.1941226,-0.9961042,-8.860723
b009,-7.1077266,-5.178863,4.1779113,-2.1648986,-0.9805559,-8.821858
s82402d,-8.610251,1.8624527,2.225167,1.0190479,-6.1948667,-7.650608
s82202d,-8.590199,1.8597586,2.2198508,1.01685,-6.169761,-7.629373
s065x0d,0.31705654,5.177077,1.0864527,-8.558384,-6.082961,-3.531081
s066x0d,0.3227449,5.1805906,1.0831997,-8.552823,-6.0830264,-3.5076873
s50811a,-9.300088,-1.867197,1.7896402,-3.1252322,0.4988382,-8.336274
s50812a,-9.238338,-1.8368653,1.8017217,-3.1281865,0.48690414,-8.325948
s41112d,2.6311023,-0.31740317,4.04281,0.77053493,4.414988,-11.842294
s41111d,2.6527965,-0.31791815,4.042351,0.7819604,4.4449844,-11.8431
r402361,1.5974731,8.064843,3.5192444,-6.067905,-3.1797416,-3.1897016
r402141,1.5901711,8.05762,3.5148206,-6.0611897,-3.183823,-3.2005534
r402251,1.5456222,7.8240504,3.4025323,-5.8835,-3.0800672,-3.0975165
r402241,1.4252881,7.1736116,3.0903141,-5.3893704,-2.8093803,-2.8280277
s36039d,2.7813637,5.6176496,7.5494294,-6.82251,-3.6843867,-2.7929544
s36113d,2.7728798,5.6207047,7.55119,-6.8257623,-3.6774569,-2.8052137
n764,3.5348675,2.0912576,-1.2164683,-6.575243,3.6958148,-9.84723
n762,3.5184975,2.1000519,-1.1834862,-6.5838027,3.679339,-9.877984
s52501d,-2.8785465,-2.5352602,2.6303127,1.4516983,-8.287407,-9.064832
s52601d,-2.866695,-2.491294,2.6411119,1.4257305,-8.215965,-9.040342
i82b12,-4.2418027,-4.188687,3.1190715,1.8048301,-0.72026545,-10.717115
i82a12,-4.2436323,-4.1570735,3.1223981,1.7900212,-0.7274245,-10.716925
z930,-1.5425262,3.952409,-2.4801395,1.120109,-5.019545,-8.563936
z931,-1.4311895,3.6612196,-2.297448,1.0502123,-4.6394014,-7.884122
z9911,-1.5147606,3.773576,-2.3495247,1.0651828,-4.752098,-8.058118
z430,-1.6051825,3.8626559,-2.3513062,1.0709084,-4.79631,-8.073723
z431,-1.5493277,3.7504826,-2.2849514,1.0497254,-4.6715326,-7.883
s32441a,1.0704148,0.6868172,-4.7538357,-4.4359727,-4.1091094,-10.015882
s32431a,1.062927,0.6862981,-4.730079,-4.413694,-4.0900984,-9.972544
l89329,5.947933,6.154253,-0.2929601,-3.721622,-5.5000515,-8.02411
l89319,5.9257293,6.130775,-0.29575518,-3.7077017,-5.475184,-8.000418
s06349a,1.610717,5.623827,-2.7106946,-7.099162,-6.2503796,-6.7039933
s06359a,1.6171924,5.6356726,-2.70687,-7.118212,-6.2666373,-6.729596
p0701,-0.7439166,5.8821597,-0.46387866,3.954672,-2.5879126,-11.190965
p0721,-0.74250466,5.851141,-0.45897555,3.9458022,-2.5730417,-11.116676
q315,4.4789114,1.0210553,0.24976797,-2.208173,3.0356767,-10.403291
q320,4.983092,1.1526155,0.32457006,-2.5129795,3.3899682,-11.694819
q322,4.4842505,1.0359458,0.24524297,-2.2072473,3.0334308,-10.418821
s40022d,-6.6977086,-0.86650926,-2.8164752,-2.0893137,-5.613589,-10.004207
s40021d,-6.7453547,-0.89083356,-2.8709366,-2.0948446,-5.6395235,-10.047044
d700,0.9444683,5.467879,-3.4914422,-5.6923957,2.2765749,-9.584381
d704,0.9607973,5.472295,-3.5365546,-5.6892824,2.285584,-9.551467
z96612,-8.720958,2.0139253,-2.6054497,-5.196371,-2.5621588,-8.031316
z96611,-8.657003,2.0347571,-2.5742836,-5.1776137,-2.5432281,-8.010388
s52121a,-6.0210805,2.7681441,-2.405607,-5.723065,3.8915668,-9.857231
s52041a,-6.0126414,2.7567217,-2.391907,-5.7067566,3.857274,-9.817941
s82202b,6.8008018,-0.21228193,6.4938865,-5.732865,0.2001778,-7.183149
s82402b,6.73572,-0.19901064,6.465048,-5.709725,0.17876402,-7.18743
r41844,-2.7100382,-3.0148175,-3.4899755,-2.6531775,-4.022511,-11.36767
r41840,-2.7125802,-3.023954,-3.4886062,-2.66163,-4.0361457,-11.401987
o99512,-3.984888,5.477245,-0.67722654,-3.9864457,-6.187563,-4.303878
o99282,-4.434383,6.09152,-0.73849314,-4.442745,-6.9353657,-4.8188543
o99012,-4.416427,6.086603,-0.7465195,-4.453524,-6.89949,-4.823293
o2302,-4.021885,5.536409,-0.70471174,-4.031498,-6.230985,-4.3270664
p5222,-4.5341177,2.2224097,6.8674703,-1.3023107,-0.70236737,-2.7103512
s8002xa,-4.9430413,-0.046279907,1.780573,-1.4288428,-9.727781,-6.6633716
s8001xa,-4.980817,-0.0361641,1.8046683,-1.4394617,-9.774691,-6.696405
s02621a,2.2034156,-0.2657481,-2.5120957,-6.3136096,-7.4817386,-8.43055
s02622a,2.200984,-0.26643592,-2.5003855,-6.3243403,-7.468029,-8.452608
k50113,-2.0896273,8.71835,1.3097544,2.447929,-1.531161,-8.160964
k50114,-2.0983512,8.770822,1.2958198,2.4881768,-1.5480969,-8.17122
s41101a,2.8326316,10.190692,4.0879297,-2.711727,-1.2336142,-5.5697203
s41102a,2.8195767,10.16371,4.083172,-2.718718,-1.2371347,-5.5739164
i82443,-2.8345842,-2.3577604,-0.71658736,-6.7611885,2.4610293,-7.9923654
i82433,-3.3123162,-2.7180378,-0.80490255,-7.751563,2.8109581,-9.165315
i82413,-2.987483,-2.467,-0.7498618,-7.0509872,2.5744085,-8.335035
c786,3.7140937,-1.4704398,-1.0817585,-0.9322017,0.15092604,-12.267847
r180,3.7294433,-1.48293,-1.098127,-0.923653,0.16466406,-12.261284
s12690a,-0.40501398,5.4040585,-1.500855,1.1039141,1.4114352,-9.621921
s12590a,-0.4691509,6.029341,-1.6873918,1.211175,1.543558,-10.736958
s12490a,-0.38948613,5.33356,-1.5066392,1.1077292,1.4068766,-9.474411
t84050a,-5.341945,-0.7124779,2.152195,3.009652,-4.1401286,-8.712268
t84060a,-5.8723507,-0.7564384,2.3916736,3.3214786,-4.552728,-9.609749
m89551,-5.06416,-0.71459717,2.0451148,2.855649,-3.9452152,-8.285775
l97919,2.7680035,7.3044815,5.809282,0.2058987,-5.386157,-5.212281
l97929,2.7590947,7.2809234,5.7735,0.21519126,-5.3502584,-5.1779995
s70312a,-5.4002786,5.5352135,6.149835,0.8762403,4.589894,-8.250553
s70311a,-5.401288,5.5349536,6.1585813,0.87830436,4.5997953,-8.224579
l89624,2.871211,6.2883625,-0.19197612,-4.4113193,4.4356856,-9.369583
l89614,2.860267,6.276364,-0.16681643,-4.4187074,4.424539,-9.374018
f810,-7.489583,1.3744396,1.5799762,-8.970015,-3.4813485,-4.3728476
f812,-7.4903994,1.3519387,1.5572351,-8.951674,-3.4676523,-4.337985
z3a36,-5.6824455,2.6405458,-0.96255124,1.2056565,1.1633766,-9.560457
o6014x0,-6.2736115,2.9370503,-1.0494015,1.3361537,1.2920097,-10.553151
z3a35,-5.538203,2.593595,-0.94229037,1.1878105,1.140609,-9.349606
m4647,-8.61123,1.840723,6.355077,1.7360154,-4.3911805,-6.817098
m4627,-8.602281,1.8423542,6.3586583,1.7150275,-4.3915,-6.835695
t84623a,-1.8083061,0.9321286,2.5383065,-9.510414,-8.350038,-3.997443
m86162,-1.812326,0.9354511,2.5554028,-9.532981,-8.376663,-4.0401034
o7581,-4.131779,-2.3392599,7.887278,-0.14479946,2.928781,-8.007021
o665,-4.1514153,-2.3652565,7.9198666,-0.1346951,2.9524343,-8.020004
s91302d,-5.3650417,-0.1529874,1.926033,3.3701906,0.43949813,-10.84764
s91301d,-5.3608575,-0.14857765,1.9240153,3.3676977,0.4371153,-10.829217
s40811a,-2.5621297,9.120343,2.750428,-3.2258353,4.859227,-7.520447
s40812a,-2.5542006,9.114226,2.7441144,-3.2187345,4.851575,-7.527085
s8012xa,0.6166884,10.800695,0.29227138,-3.7275004,-1.9190844,-6.3084664
s8011xa,0.60398185,10.809318,0.27389976,-3.7223601,-1.9175618,-6.29983
i330,1.6112326,7.55797,6.180188,-5.6200333,0.8040625,-3.5435195
i76,1.6253544,7.686981,6.3093853,-5.747743,0.80551815,-3.6298313
i2690,1.6130013,7.590783,6.2253556,-5.6620097,0.7964899,-3.5642824
q258,-5.581415,-2.1080008,-0.71055984,0.37566563,-1.7146456,-9.625059
q278,-5.234433,-1.9800072,-0.6685722,0.36552322,-1.6029974,-9.012479
q2547,-5.312139,-2.0128624,-0.68949777,0.37415576,-1.6368062,-9.141049
q2545,-4.9412003,-1.8697674,-0.6473887,0.36897632,-1.516289,-8.47247
f1120,-8.613364,-3.9285724,4.3441777,-4.6855507,-3.4906764,-6.8701954
g894,-8.620786,-3.932716,4.3349724,-4.687995,-3.486491,-6.8666162
c3490,-4.9497414,5.2903743,2.1403282,3.8986638,0.18667407,-9.583942
c7931,-4.952615,5.290875,2.1344314,3.9052126,0.19057143,-9.57924
p0732,0.27371007,-0.49433672,9.527072,0.468192,-2.5491843,-5.252084
p0715,0.31339666,-0.51151776,10.814522,0.48877367,-2.9161665,-6.0107236
p0733,0.28186598,-0.49537912,9.825952,0.47295067,-2.6402066,-5.4174924
o98319,6.6747036,4.678862,3.484363,-7.973534,-2.839881,-5.8113728
a568,6.69509,4.677452,3.4753757,-7.976906,-2.8407083,-5.8122497
t783xxa,1.00892,-3.0055683,-2.5623102,-3.6699693,-6.1496625,-10.479832
t464x5a,1.0002799,-2.9794304,-2.536784,-3.6570282,-6.123613,-10.432814
m25371,-1.6075919,-3.8403678,-0.46434388,-1.2050748,-0.06548524,-9.122565
s56521a,-0.7746038,5.149804,-4.809306,-3.5342636,-4.8341556,-8.94453
s56221a,-0.71151954,4.74617,-4.452806,-3.2521148,-4.464996,-8.237256
s52201b,-0.66050273,4.4520664,-4.212759,-3.0395448,-4.2130694,-7.713673
s22061a,-4.717245,1.3731855,6.5524974,2.8712938,2.7175264,-8.912089
s22051a,-4.150306,1.222737,5.7735586,2.6015122,2.404872,-7.879294
s22071a,-4.2292223,1.2384685,5.871448,2.629727,2.4426894,-7.995003
m24561,-9.62396,-0.007266459,2.99643,-5.342626,-3.0653546,-5.289046
m24562,-9.639735,-0.0105942255,3.009577,-5.35849,-3.0652304,-5.2774134
t43592d,5.0596867,7.652601,4.780038,-3.8282826,-4.1061563,-4.9343715
t43212d,5.062928,7.656329,4.8018126,-3.8365948,-4.1097198,-4.9493885
a5402,-10.530772,1.8221275,3.4605598,-1.802447,-0.9657406,-6.701578
a5602,-10.536816,1.8365186,3.4816105,-1.8138273,-0.9668374,-6.739266
z91411,-3.1420388,-0.7618531,11.313796,-3.0488167,-1.9943343,-4.229885
z91410,-3.106266,-0.74981135,11.209214,-3.0136178,-1.9756585,-4.2050033
i70248,-0.46678764,6.601829,4.054144,-6.213918,6.0941844,-6.7833004
i70238,-0.46906757,6.5373154,4.0317025,-6.1624603,6.0145106,-6.7627645
s82452b,-1.761494,-4.5647206,4.2254386,2.1034074,-4.8580203,-10.243438
s82252b,-1.8043883,-4.5737734,4.2674365,2.1383183,-4.8918447,-10.364612
o114,3.5591688,0.13518858,9.192295,-6.81543,1.7610606,-5.4931636
o1002,3.5612931,0.13679048,9.169581,-6.8148727,1.7656678,-5.4752192
t434x5a,-1.6334264,8.369188,6.6325197,-0.4055234,-6.354993,-4.236289
g2409,-1.6375029,8.366752,6.6144457,-0.3721462,-6.349274,-4.1945667
s90511a,-1.850993,7.623054,4.493718,3.3720694,1.3468,-8.654954
s90512a,-1.8626907,7.6642437,4.514906,3.393727,1.3369805,-8.7084255
i8311,-4.2458253,-3.1790597,5.970103,-9.727553,-0.84173805,-4.919092
i8312,-4.2358074,-3.1751702,5.9612007,-9.708625,-0.82515454,-4.8947864
m24511,-1.035839,-0.07600763,7.89588,2.6414196,-7.283638,-7.1870074
m24512,-1.021005,-0.076660365,7.9079146,2.6463475,-7.268456,-7.193904
z5111,2.304919,1.926468,-1.6425661,0.7150516,-1.094258,-8.50489
i469,-7.2303123,-1.5758114,1.5981566,-6.888498,2.7360468,-7.4747066
g931,-7.240014,-1.6054012,1.5934888,-6.879109,2.7602417,-7.458903
m21331,-1.5104315,-4.0152106,-1.0585938,-9.708755,-1.1677554,-8.788129
g5631,-1.5118991,-3.9955726,-1.0368539,-9.705019,-1.1734155,-8.801313
i83019,4.978416,2.5398972,4.721588,2.6934423,-0.5149574,-9.909449
i83029,4.9941072,2.5562224,4.7418222,2.6981559,-0.5124962,-9.961645
i5032,0.6135832,-1.6279302,2.6464314,-0.653401,-4.3335624,-3.386191
z882,-6.2772307,-1.5578816,3.8132105,0.47031,1.3483601,-7.509483
z881,-6.814778,-1.6820259,4.156059,0.49026307,1.4467149,-8.201202
z888,-6.86578,-1.7058818,4.188678,0.49517432,1.4578633,-8.242385
z885,-6.3220863,-1.5887862,3.8409235,0.46618044,1.3538618,-7.5705814
z8549,-2.082783,2.5137215,2.4353666,-11.462792,-3.2397387,-3.4655058
c609,-2.0895193,2.5101857,2.4337046,-11.484708,-3.231951,-3.4411733
j471,1.1861303,7.652568,6.43773,-0.057779808,3.9419441,-7.576363
j470,1.1651272,7.6209717,6.4116383,-0.06733272,3.9149292,-7.559261
s82141d,-0.59399235,-5.298822,5.7291007,-7.170866,0.2881264,-6.658168
s82831d,-0.58390945,-5.3317275,5.7297044,-7.1714783,0.29454327,-6.6326475
p704,2.4144986,1.5961838,2.2710068,-2.304471,2.4177203,-3.802343
i350,-6.883103,-1.7454715,0.7446509,0.043027066,-7.3532186,-9.093393
z006,-6.9067383,-1.739922,0.7439321,0.029704046,-7.4049635,-9.158094
m79651,-0.2286924,9.967915,2.8094592,0.03353646,2.4979064,-8.214734
m79652,-0.2242824,9.922818,2.8071399,0.025829522,2.4897645,-8.189857
i6201,-2.9456282,0.5832597,8.756721,3.3085291,-1.0180717,-7.3323655
i6203,-2.9592924,0.57029366,8.829115,3.351198,-1.0074196,-7.3629966
s61412d,-3.33365,-5.8641706,6.3747272,-0.81855375,-0.6205642,-9.012237
s61411d,-3.3388214,-5.8861,6.3883038,-0.82149756,-0.601098,-9.018871
m7522,-0.99673796,-3.5616426,9.097674,0.49771068,-0.30242658,-7.853857
m25612,-1.0044391,-3.5653424,9.118788,0.4872841,-0.3136469,-7.8935013
c411,-4.569879,2.8840823,0.52089566,4.41423,-2.980403,-10.847023
c049,-4.5976286,2.891056,0.5034766,4.443559,-2.9750626,-10.839472
g4440,-1.6777182,-0.13352153,4.6153364,4.471576,-6.0896173,-9.375268
t463x5a,-1.6738077,-0.12851557,4.6068196,4.4392333,-6.0585103,-9.347537
z9849,4.260008,0.80317765,2.9532382,-4.519523,-5.217195,-4.1867948
i83218,7.056307,-1.5353483,3.4393575,-4.059913,-4.787716,-8.538572
i83228,7.0460625,-1.5351374,3.4384987,-4.052457,-4.7879868,-8.539613
q7033,-5.0044975,1.1693832,-0.07065556,-9.091683,4.2206526,-7.887419
q692,-4.992817,1.1836832,-0.053586017,-9.097429,4.1896586,-7.907869
m79641,4.2955275,4.978046,5.187884,-3.2240508,-7.746921,-4.6947813
m79642,4.2603254,4.9675303,5.1806736,-3.2213352,-7.7087283,-4.7069416
g935,1.5051208,4.735224,3.964469,4.818565,-2.2946136,-9.662542
g936,1.5006382,4.7560353,3.9731688,4.839639,-2.3118525,-9.703888
l89314,6.460189,1.5221331,0.16244121,-3.7554047,-6.7354636,-8.943186
l89324,6.514024,1.5232208,0.14035037,-3.7659192,-6.7638516,-8.962751
l97821,-2.5705664,5.741035,2.840944,4.8151164,-4.1011205,-9.06606
l97811,-2.5775669,5.741578,2.8422167,4.819652,-4.0978403,-9.063815
r441,4.0728626,1.78757,10.853428,-2.821101,1.1753995,-6.312875
r440,4.1387916,1.7796987,10.868453,-2.8297036,1.1831936,-6.303914
s066x1a,3.2127557,-2.5136468,-2.479042,-4.92772,-1.7183458,-10.808718
s065x1a,3.1975992,-2.472691,-2.4499524,-4.9281797,-1.7269698,-10.80244
t300,0.028256835,-4.9980645,1.9366301,-6.4955816,2.695149,-9.618562
t310,0.02017452,-4.9564652,1.956451,-6.4893723,2.6856878,-9.616245
s32432a,6.3081756,1.4232848,7.3132772,-0.5022634,-0.7558161,-7.7461767
s32442a,6.3540955,1.441656,7.39306,-0.5230063,-0.79119694,-7.85375
e890,-5.2198443,-2.542753,4.7965045,-3.2303565,4.8866105,-8.74783
z85850,-5.282442,-2.5703397,4.82724,-3.2316918,4.945799,-8.8041725
t25231a,0.03204942,-1.9248616,6.734062,2.8685634,-3.0213416,-7.7971373
t25221a,-0.03790649,-2.2256866,7.7707553,3.2709396,-3.4842544,-9.098645
t25222a,0.00083348295,-2.055447,7.158563,3.0335875,-3.2089207,-8.350347
s52572a,-1.2369485,-1.0114125,-3.8151174,-0.937372,-0.7771399,-12.633599
s52612a,-1.2416084,-1.0115278,-3.8191864,-0.9336007,-0.7826503,-12.599951
m4642,0.55949885,1.8122762,3.3349087,-11.567871,0.54959345,-4.5087295
m4622,0.57014996,1.8119749,3.3257656,-11.599908,0.55944496,-4.4985065
s91301a,3.2987854,1.2850496,0.69805115,-3.7675145,-9.607505,-7.029088
s91302a,3.2506323,1.2783065,0.7287173,-3.767279,-9.53293,-7.0334067
o1093,-5.4015627,6.7090316,8.780221,-1.0193671,-5.0865054,-3.7601514
o115,-5.377235,6.692127,8.748974,-1.0106038,-5.06636,-3.7479692
z85028,0.9822332,-5.7694783,6.985206,-2.8930366,0.7050283,-8.900648
z903,0.9811045,-5.752916,6.9804754,-2.88915,0.68726844,-8.8824215
f419,-2.137881,-1.7446868,3.5822022,-1.5063455,-2.922642,-2.2397535
